2023-01-02 12:43:37.109823,f2:9e:d5:12:ad:b5,33:33:00:00:00:02
2023-01-02 12:43:37.112842,12:23:ed:10:04:01,33:33:00:00:00:02
2023-01-02 12:45:48.182418,a6:38:43:9a:c5:fb,33:33:00:00:00:02
2023-01-02 12:57:01.506066,ee:b8:83:6f:10:f6,ff:ff:ff:ff:ff:ff
2023-01-02 12:57:01.508252,e6:6a:2e:0e:c0:bf,ee:b8:83:6f:10:f6
2023-01-02 12:57:01.510443,e6:6a:2e:0e:c0:bf,ee:b8:83:6f:10:f6
2023-01-02 12:57:01.552928,ee:b8:83:6f:10:f6,ff:ff:ff:ff:ff:ff
2023-01-02 12:57:01.554821,12:35:25:cc:c5:2d,ee:b8:83:6f:10:f6
2023-01-02 12:57:01.610507,ee:b8:83:6f:10:f6,ff:ff:ff:ff:ff:ff
2023-01-02 12:57:01.629218,ee:b8:83:6f:10:f6,e6:6a:2e:0e:c0:bf
2023-01-02 13:02:05.488351,ee:b8:83:6f:10:f6,12:23:ed:10:04:01
2023-01-02 13:02:05.490460,12:23:ed:10:04:01,ee:b8:83:6f:10:f6
2023-01-02 13:02:05.492297,12:23:ed:10:04:01,ee:b8:83:6f:10:f6
2023-01-02 13:02:06.489768,ee:b8:83:6f:10:f6,12:23:ed:10:04:01
2023-01-02 13:02:10.709314,12:23:ed:10:04:01,ee:b8:83:6f:10:f6
2023-01-02 13:02:10.711079,ee:b8:83:6f:10:f6,12:23:ed:10:04:01
2023-01-02 13:02:10.713017,ee:b8:83:6f:10:f6,12:23:ed:10:04:01
2023-01-02 13:02:10.714268,12:23:ed:10:04:01,ee:b8:83:6f:10:f6
2023-01-02 13:02:38.048720,e6:6a:2e:0e:c0:bf,12:23:ed:10:04:01
2023-01-02 13:02:38.049863,12:23:ed:10:04:01,ff:ff:ff:ff:ff:ff
2023-01-02 13:02:38.051399,e6:6a:2e:0e:c0:bf,12:23:ed:10:04:01
2023-01-02 13:02:38.052933,12:23:ed:10:04:01,e6:6a:2e:0e:c0:bf
2023-01-02 13:02:38.054891,12:23:ed:10:04:01,e6:6a:2e:0e:c0:bf
2023-01-02 13:02:43.221471,e6:6a:2e:0e:c0:bf,12:23:ed:10:04:01
2023-01-02 13:02:43.222653,12:23:ed:10:04:01,e6:6a:2e:0e:c0:bf
2023-01-02 13:02:55.447387,e6:6a:2e:0e:c0:bf,ee:b8:83:6f:10:f6
2023-01-02 13:02:55.448618,ee:b8:83:6f:10:f6,e6:6a:2e:0e:c0:bf
2023-01-02 13:03:00.629653,e6:6a:2e:0e:c0:bf,ee:b8:83:6f:10:f6
2023-01-02 13:03:00.630778,ee:b8:83:6f:10:f6,e6:6a:2e:0e:c0:bf
2023-01-02 13:03:00.632057,ee:b8:83:6f:10:f6,e6:6a:2e:0e:c0:bf
2023-01-02 13:03:00.633738,e6:6a:2e:0e:c0:bf,ee:b8:83:6f:10:f6
2023-01-02 13:04:13.903539,ee:b8:83:6f:10:f6,ff:ff:ff:ff:ff:ff
2023-01-02 13:04:13.905861,e6:6a:2e:0e:c0:bf,ee:b8:83:6f:10:f6
2023-01-02 13:04:13.939030,ee:b8:83:6f:10:f6,ff:ff:ff:ff:ff:ff
2023-01-02 13:04:13.942489,12:35:25:cc:c5:2d,ee:b8:83:6f:10:f6
2023-01-02 13:04:13.991570,ee:b8:83:6f:10:f6,ff:ff:ff:ff:ff:ff
2023-01-02 13:04:14.014117,ee:b8:83:6f:10:f6,e6:6a:2e:0e:c0:bf
2023-01-02 13:04:24.111100,e6:6a:2e:0e:c0:bf,ee:b8:83:6f:10:f6
2023-01-02 13:04:29.205481,e6:6a:2e:0e:c0:bf,ee:b8:83:6f:10:f6
2023-01-02 13:04:32.308403,e6:6a:2e:0e:c0:bf,ff:ff:ff:ff:ff:ff
2023-01-02 13:04:33.333292,e6:6a:2e:0e:c0:bf,ff:ff:ff:ff:ff:ff
2023-01-02 13:04:34.360857,e6:6a:2e:0e:c0:bf,ff:ff:ff:ff:ff:ff
2023-01-02 13:05:27.829620,e6:6a:2e:0e:c0:bf,33:33:00:00:00:02
2023-01-02 13:08:51.189401,32:38:26:53:85:4c,33:33:ff:53:85:4c
2023-01-02 13:08:51.191555,ea:cc:23:b1:41:22,33:33:00:00:00:16
2023-01-02 13:08:51.227451,46:cb:0b:85:44:62,33:33:00:00:00:16
2023-01-02 13:08:51.320991,ea:cc:23:b1:41:22,33:33:ff:b1:41:22
2023-01-02 13:08:51.540407,4e:30:6c:29:c2:d3,33:33:00:00:00:16
2023-01-02 13:08:51.541500,4e:30:6c:29:c2:d3,33:33:00:00:00:02
2023-01-02 13:08:51.692238,4e:30:6c:29:c2:d3,33:33:00:00:00:16
2023-01-02 13:08:51.764167,82:4f:3b:c8:ca:c0,33:33:00:00:00:16
2023-01-02 13:08:51.765186,82:4f:3b:c8:ca:c0,33:33:00:00:00:02
2023-01-02 13:08:51.937357,46:cb:0b:85:44:62,33:33:00:00:00:16
2023-01-02 13:08:51.939034,46:cb:0b:85:44:62,33:33:00:00:00:02
2023-01-02 13:08:52.022301,e6:40:26:f7:d1:72,33:33:00:00:00:16
2023-01-02 13:08:52.023905,e6:40:26:f7:d1:72,33:33:00:00:00:02
2023-01-02 13:08:52.025670,1e:8a:15:b3:99:44,33:33:00:00:00:16
2023-01-02 13:08:52.027543,1e:8a:15:b3:99:44,33:33:00:00:00:02
2023-01-02 13:08:52.119962,e6:78:88:c2:d9:38,33:33:00:00:00:16
2023-01-02 13:08:52.121112,e6:78:88:c2:d9:38,33:33:00:00:00:02
2023-01-02 13:08:52.176583,e6:40:26:f7:d1:72,33:33:00:00:00:16
2023-01-02 13:08:52.184622,32:38:26:53:85:4c,33:33:00:00:00:16
2023-01-02 13:08:52.185588,32:38:26:53:85:4c,33:33:00:00:00:02
2023-01-02 13:08:52.340438,ea:cc:23:b1:41:22,33:33:00:00:00:16
2023-01-02 13:08:52.341356,ea:cc:23:b1:41:22,33:33:00:00:00:02
2023-01-02 13:08:52.364192,e6:78:88:c2:d9:38,33:33:00:00:00:16
2023-01-02 13:08:52.436593,46:cb:0b:85:44:62,33:33:00:00:00:16
2023-01-02 13:08:52.468412,32:38:26:53:85:4c,33:33:00:00:00:16
2023-01-02 13:08:52.597345,82:4f:3b:c8:ca:c0,33:33:00:00:00:16
2023-01-02 13:08:52.724444,1e:8a:15:b3:99:44,33:33:00:00:00:16
2023-01-02 13:08:53.240826,ea:cc:23:b1:41:22,33:33:00:00:00:16
2023-01-02 13:08:55.701020,46:cb:0b:85:44:62,33:33:00:00:00:02
2023-01-02 13:08:55.702858,82:4f:3b:c8:ca:c0,33:33:00:00:00:02
2023-01-02 13:08:55.704492,4e:30:6c:29:c2:d3,33:33:00:00:00:02
2023-01-02 13:08:55.956615,32:38:26:53:85:4c,33:33:00:00:00:02
2023-01-02 13:08:55.958093,1e:8a:15:b3:99:44,33:33:00:00:00:02
2023-01-02 13:08:56.212538,ea:cc:23:b1:41:22,33:33:00:00:00:02
2023-01-02 13:08:56.469605,e6:40:26:f7:d1:72,33:33:00:00:00:02
2023-01-02 13:08:56.471288,e6:78:88:c2:d9:38,33:33:00:00:00:02
2023-01-02 13:09:02.241712,e6:78:88:c2:d9:38,ff:ff:ff:ff:ff:ff
2023-01-02 13:09:02.242627,4e:30:6c:29:c2:d3,e6:78:88:c2:d9:38
2023-01-02 13:09:02.243444,4e:30:6c:29:c2:d3,e6:78:88:c2:d9:38
2023-01-02 13:09:02.248944,e6:78:88:c2:d9:38,4e:30:6c:29:c2:d3
2023-01-02 13:09:02.251209,4e:30:6c:29:c2:d3,e6:78:88:c2:d9:38
2023-01-02 13:09:02.256431,e6:78:88:c2:d9:38,ff:ff:ff:ff:ff:ff
2023-01-02 13:09:02.257423,ea:cc:23:b1:41:22,e6:78:88:c2:d9:38
2023-01-02 13:09:02.258388,e6:78:88:c2:d9:38,ea:cc:23:b1:41:22
2023-01-02 13:09:02.263531,ea:cc:23:b1:41:22,e6:78:88:c2:d9:38
2023-01-02 13:09:02.270839,e6:78:88:c2:d9:38,ff:ff:ff:ff:ff:ff
2023-01-02 13:09:02.273555,1e:8a:15:b3:99:44,e6:78:88:c2:d9:38
2023-01-02 13:09:02.275148,e6:78:88:c2:d9:38,1e:8a:15:b3:99:44
2023-01-02 13:09:02.317222,1e:8a:15:b3:99:44,e6:78:88:c2:d9:38
2023-01-02 13:09:02.321953,e6:78:88:c2:d9:38,1e:8a:15:b3:99:44
2023-01-02 13:09:02.323045,82:4f:3b:c8:ca:c0,ff:ff:ff:ff:ff:ff
2023-01-02 13:09:02.323866,e6:40:26:f7:d1:72,82:4f:3b:c8:ca:c0
2023-01-02 13:09:02.324880,e6:40:26:f7:d1:72,82:4f:3b:c8:ca:c0
2023-01-02 13:09:02.326014,82:4f:3b:c8:ca:c0,e6:40:26:f7:d1:72
2023-01-02 13:09:02.327687,e6:40:26:f7:d1:72,82:4f:3b:c8:ca:c0
2023-01-02 13:09:02.330473,1e:8a:15:b3:99:44,e6:78:88:c2:d9:38
2023-01-02 13:09:02.335795,e6:78:88:c2:d9:38,1e:8a:15:b3:99:44
2023-01-02 13:09:02.337654,82:4f:3b:c8:ca:c0,ff:ff:ff:ff:ff:ff
2023-01-02 13:09:02.339431,32:38:26:53:85:4c,82:4f:3b:c8:ca:c0
2023-01-02 13:09:02.340336,82:4f:3b:c8:ca:c0,32:38:26:53:85:4c
2023-01-02 13:09:02.385030,32:38:26:53:85:4c,82:4f:3b:c8:ca:c0
2023-01-02 13:09:02.386345,1e:8a:15:b3:99:44,e6:78:88:c2:d9:38
2023-01-02 13:09:02.390753,e6:78:88:c2:d9:38,1e:8a:15:b3:99:44
2023-01-02 13:09:02.392089,82:4f:3b:c8:ca:c0,ff:ff:ff:ff:ff:ff
2023-01-02 13:09:02.393255,46:cb:0b:85:44:62,82:4f:3b:c8:ca:c0
2023-01-02 13:09:02.394538,82:4f:3b:c8:ca:c0,46:cb:0b:85:44:62
2023-01-02 13:09:02.400754,46:cb:0b:85:44:62,82:4f:3b:c8:ca:c0
2023-01-02 13:09:02.402383,1e:8a:15:b3:99:44,e6:78:88:c2:d9:38
2023-01-02 13:09:02.406359,4e:30:6c:29:c2:d3,e6:78:88:c2:d9:38
2023-01-02 13:09:02.408116,e6:78:88:c2:d9:38,4e:30:6c:29:c2:d3
2023-01-02 13:09:02.413368,4e:30:6c:29:c2:d3,ff:ff:ff:ff:ff:ff
2023-01-02 13:09:02.419749,ea:cc:23:b1:41:22,4e:30:6c:29:c2:d3
2023-01-02 13:09:02.423866,4e:30:6c:29:c2:d3,ea:cc:23:b1:41:22
2023-01-02 13:09:02.425941,ea:cc:23:b1:41:22,4e:30:6c:29:c2:d3
2023-01-02 13:09:02.431621,4e:30:6c:29:c2:d3,ff:ff:ff:ff:ff:ff
2023-01-02 13:09:02.432912,1e:8a:15:b3:99:44,4e:30:6c:29:c2:d3
2023-01-02 13:09:02.434941,4e:30:6c:29:c2:d3,1e:8a:15:b3:99:44
2023-01-02 13:09:02.436994,1e:8a:15:b3:99:44,4e:30:6c:29:c2:d3
2023-01-02 13:09:02.442825,4e:30:6c:29:c2:d3,1e:8a:15:b3:99:44
2023-01-02 13:09:02.446176,82:4f:3b:c8:ca:c0,e6:40:26:f7:d1:72
2023-01-02 13:09:02.448781,e6:40:26:f7:d1:72,82:4f:3b:c8:ca:c0
2023-01-02 13:09:02.450030,1e:8a:15:b3:99:44,4e:30:6c:29:c2:d3
2023-01-02 13:09:02.453981,4e:30:6c:29:c2:d3,1e:8a:15:b3:99:44
2023-01-02 13:09:02.455259,82:4f:3b:c8:ca:c0,32:38:26:53:85:4c
2023-01-02 13:09:02.456631,32:38:26:53:85:4c,82:4f:3b:c8:ca:c0
2023-01-02 13:09:02.457802,1e:8a:15:b3:99:44,4e:30:6c:29:c2:d3
2023-01-02 13:09:02.463033,4e:30:6c:29:c2:d3,1e:8a:15:b3:99:44
2023-01-02 13:09:02.465416,82:4f:3b:c8:ca:c0,46:cb:0b:85:44:62
2023-01-02 13:09:02.466919,46:cb:0b:85:44:62,82:4f:3b:c8:ca:c0
2023-01-02 13:09:02.469704,1e:8a:15:b3:99:44,4e:30:6c:29:c2:d3
2023-01-02 13:09:02.473480,ea:cc:23:b1:41:22,e6:78:88:c2:d9:38
2023-01-02 13:09:02.476662,e6:78:88:c2:d9:38,ea:cc:23:b1:41:22
2023-01-02 13:09:02.482988,ea:cc:23:b1:41:22,4e:30:6c:29:c2:d3
2023-01-02 13:09:02.485097,4e:30:6c:29:c2:d3,ea:cc:23:b1:41:22
2023-01-02 13:09:02.488544,ea:cc:23:b1:41:22,ff:ff:ff:ff:ff:ff
2023-01-02 13:09:02.490282,1e:8a:15:b3:99:44,ea:cc:23:b1:41:22
2023-01-02 13:09:02.491799,ea:cc:23:b1:41:22,1e:8a:15:b3:99:44
2023-01-02 13:09:02.493273,1e:8a:15:b3:99:44,ea:cc:23:b1:41:22
2023-01-02 13:09:02.498277,ea:cc:23:b1:41:22,1e:8a:15:b3:99:44
2023-01-02 13:09:02.499787,82:4f:3b:c8:ca:c0,e6:40:26:f7:d1:72
2023-01-02 13:09:02.502331,e6:40:26:f7:d1:72,82:4f:3b:c8:ca:c0
2023-01-02 13:09:02.503961,1e:8a:15:b3:99:44,ea:cc:23:b1:41:22
2023-01-02 13:09:02.513788,ea:cc:23:b1:41:22,1e:8a:15:b3:99:44
2023-01-02 13:09:02.516534,82:4f:3b:c8:ca:c0,32:38:26:53:85:4c
2023-01-02 13:09:02.518230,32:38:26:53:85:4c,82:4f:3b:c8:ca:c0
2023-01-02 13:09:02.519599,1e:8a:15:b3:99:44,ea:cc:23:b1:41:22
2023-01-02 13:09:02.523003,ea:cc:23:b1:41:22,1e:8a:15:b3:99:44
2023-01-02 13:09:02.524373,82:4f:3b:c8:ca:c0,46:cb:0b:85:44:62
2023-01-02 13:09:02.526054,46:cb:0b:85:44:62,82:4f:3b:c8:ca:c0
2023-01-02 13:09:02.527423,1e:8a:15:b3:99:44,ea:cc:23:b1:41:22
2023-01-02 13:09:02.533314,1e:8a:15:b3:99:44,e6:78:88:c2:d9:38
2023-01-02 13:09:02.534729,e6:78:88:c2:d9:38,1e:8a:15:b3:99:44
2023-01-02 13:09:02.539727,1e:8a:15:b3:99:44,4e:30:6c:29:c2:d3
2023-01-02 13:09:02.541097,4e:30:6c:29:c2:d3,1e:8a:15:b3:99:44
2023-01-02 13:09:02.550221,1e:8a:15:b3:99:44,ea:cc:23:b1:41:22
2023-01-02 13:09:02.553052,ea:cc:23:b1:41:22,1e:8a:15:b3:99:44
2023-01-02 13:09:02.556793,82:4f:3b:c8:ca:c0,e6:40:26:f7:d1:72
2023-01-02 13:09:02.559220,e6:40:26:f7:d1:72,82:4f:3b:c8:ca:c0
2023-01-02 13:09:02.564490,82:4f:3b:c8:ca:c0,32:38:26:53:85:4c
2023-01-02 13:09:02.566365,32:38:26:53:85:4c,82:4f:3b:c8:ca:c0
2023-01-02 13:09:02.570431,82:4f:3b:c8:ca:c0,46:cb:0b:85:44:62
2023-01-02 13:09:02.574052,46:cb:0b:85:44:62,82:4f:3b:c8:ca:c0
2023-01-02 13:09:02.581041,e6:40:26:f7:d1:72,82:4f:3b:c8:ca:c0
2023-01-02 13:09:02.583218,1e:8a:15:b3:99:44,e6:78:88:c2:d9:38
2023-01-02 13:09:02.585814,e6:78:88:c2:d9:38,1e:8a:15:b3:99:44
2023-01-02 13:09:02.587802,82:4f:3b:c8:ca:c0,e6:40:26:f7:d1:72
2023-01-02 13:09:02.591976,e6:40:26:f7:d1:72,82:4f:3b:c8:ca:c0
2023-01-02 13:09:02.593997,1e:8a:15:b3:99:44,4e:30:6c:29:c2:d3
2023-01-02 13:09:02.596496,4e:30:6c:29:c2:d3,1e:8a:15:b3:99:44
2023-01-02 13:09:02.598529,82:4f:3b:c8:ca:c0,e6:40:26:f7:d1:72
2023-01-02 13:09:02.602674,e6:40:26:f7:d1:72,82:4f:3b:c8:ca:c0
2023-01-02 13:09:02.606947,1e:8a:15:b3:99:44,ea:cc:23:b1:41:22
2023-01-02 13:09:02.610219,ea:cc:23:b1:41:22,1e:8a:15:b3:99:44
2023-01-02 13:09:02.614843,82:4f:3b:c8:ca:c0,e6:40:26:f7:d1:72
2023-01-02 13:09:02.619805,e6:40:26:f7:d1:72,82:4f:3b:c8:ca:c0
2023-01-02 13:09:02.621740,82:4f:3b:c8:ca:c0,e6:40:26:f7:d1:72
2023-01-02 13:09:02.625299,e6:40:26:f7:d1:72,ff:ff:ff:ff:ff:ff
2023-01-02 13:09:02.626843,32:38:26:53:85:4c,e6:40:26:f7:d1:72
2023-01-02 13:09:02.629251,e6:40:26:f7:d1:72,32:38:26:53:85:4c
2023-01-02 13:09:02.631509,32:38:26:53:85:4c,e6:40:26:f7:d1:72
2023-01-02 13:09:02.638330,e6:40:26:f7:d1:72,ff:ff:ff:ff:ff:ff
2023-01-02 13:09:02.640094,46:cb:0b:85:44:62,e6:40:26:f7:d1:72
2023-01-02 13:09:02.643569,e6:40:26:f7:d1:72,46:cb:0b:85:44:62
2023-01-02 13:09:02.648363,46:cb:0b:85:44:62,e6:40:26:f7:d1:72
2023-01-02 13:09:02.652916,32:38:26:53:85:4c,82:4f:3b:c8:ca:c0
2023-01-02 13:09:02.654880,1e:8a:15:b3:99:44,e6:78:88:c2:d9:38
2023-01-02 13:09:02.656945,e6:78:88:c2:d9:38,1e:8a:15:b3:99:44
2023-01-02 13:09:02.658880,82:4f:3b:c8:ca:c0,32:38:26:53:85:4c
2023-01-02 13:09:02.663661,32:38:26:53:85:4c,82:4f:3b:c8:ca:c0
2023-01-02 13:09:02.665948,1e:8a:15:b3:99:44,4e:30:6c:29:c2:d3
2023-01-02 13:09:02.670141,4e:30:6c:29:c2:d3,1e:8a:15:b3:99:44
2023-01-02 13:09:02.672281,82:4f:3b:c8:ca:c0,32:38:26:53:85:4c
2023-01-02 13:09:02.679617,32:38:26:53:85:4c,82:4f:3b:c8:ca:c0
2023-01-02 13:09:02.682213,1e:8a:15:b3:99:44,ea:cc:23:b1:41:22
2023-01-02 13:09:02.684140,ea:cc:23:b1:41:22,1e:8a:15:b3:99:44
2023-01-02 13:09:02.685758,82:4f:3b:c8:ca:c0,32:38:26:53:85:4c
2023-01-02 13:09:02.689914,32:38:26:53:85:4c,82:4f:3b:c8:ca:c0
2023-01-02 13:09:02.691606,82:4f:3b:c8:ca:c0,32:38:26:53:85:4c
2023-01-02 13:09:02.697381,32:38:26:53:85:4c,e6:40:26:f7:d1:72
2023-01-02 13:09:02.701036,e6:40:26:f7:d1:72,32:38:26:53:85:4c
2023-01-02 13:09:02.707176,32:38:26:53:85:4c,ff:ff:ff:ff:ff:ff
2023-01-02 13:09:02.708994,46:cb:0b:85:44:62,32:38:26:53:85:4c
2023-01-02 13:09:02.714754,32:38:26:53:85:4c,46:cb:0b:85:44:62
2023-01-02 13:09:02.716574,46:cb:0b:85:44:62,32:38:26:53:85:4c
2023-01-02 13:09:02.721126,46:cb:0b:85:44:62,82:4f:3b:c8:ca:c0
2023-01-02 13:09:02.723146,1e:8a:15:b3:99:44,e6:78:88:c2:d9:38
2023-01-02 13:09:02.724901,e6:78:88:c2:d9:38,1e:8a:15:b3:99:44
2023-01-02 13:09:02.727203,82:4f:3b:c8:ca:c0,46:cb:0b:85:44:62
2023-01-02 13:09:02.735053,46:cb:0b:85:44:62,82:4f:3b:c8:ca:c0
2023-01-02 13:09:02.738114,1e:8a:15:b3:99:44,4e:30:6c:29:c2:d3
2023-01-02 13:09:02.741028,4e:30:6c:29:c2:d3,1e:8a:15:b3:99:44
2023-01-02 13:09:02.747386,82:4f:3b:c8:ca:c0,46:cb:0b:85:44:62
2023-01-02 13:09:02.750450,46:cb:0b:85:44:62,82:4f:3b:c8:ca:c0
2023-01-02 13:09:02.752992,1e:8a:15:b3:99:44,ea:cc:23:b1:41:22
2023-01-02 13:09:02.755060,ea:cc:23:b1:41:22,1e:8a:15:b3:99:44
2023-01-02 13:09:02.757082,82:4f:3b:c8:ca:c0,46:cb:0b:85:44:62
2023-01-02 13:09:02.760733,46:cb:0b:85:44:62,82:4f:3b:c8:ca:c0
2023-01-02 13:09:02.765278,82:4f:3b:c8:ca:c0,46:cb:0b:85:44:62
2023-01-02 13:09:02.769920,46:cb:0b:85:44:62,e6:40:26:f7:d1:72
2023-01-02 13:09:02.770960,e6:40:26:f7:d1:72,46:cb:0b:85:44:62
2023-01-02 13:09:02.774970,46:cb:0b:85:44:62,32:38:26:53:85:4c
2023-01-02 13:09:02.776447,32:38:26:53:85:4c,46:cb:0b:85:44:62
2023-01-02 13:09:02.868794,46:cb:0b:85:44:62,33:33:00:00:00:02
2023-01-02 13:09:03.380766,1e:8a:15:b3:99:44,33:33:00:00:00:02
2023-01-02 13:09:03.636674,32:38:26:53:85:4c,33:33:00:00:00:02
2023-01-02 13:09:03.892691,82:4f:3b:c8:ca:c0,33:33:00:00:00:02
2023-01-02 13:09:03.894379,ea:cc:23:b1:41:22,33:33:00:00:00:02
2023-01-02 13:09:04.148577,4e:30:6c:29:c2:d3,33:33:00:00:00:02
2023-01-02 13:09:05.172760,e6:40:26:f7:d1:72,33:33:00:00:00:02
2023-01-02 13:09:05.175677,e6:78:88:c2:d9:38,33:33:00:00:00:02
2023-01-02 13:09:07.477632,46:cb:0b:85:44:62,82:4f:3b:c8:ca:c0
2023-01-02 13:09:07.479984,32:38:26:53:85:4c,82:4f:3b:c8:ca:c0
2023-01-02 13:09:07.481150,e6:40:26:f7:d1:72,82:4f:3b:c8:ca:c0
2023-01-02 13:09:07.482460,82:4f:3b:c8:ca:c0,46:cb:0b:85:44:62
2023-01-02 13:09:07.483349,82:4f:3b:c8:ca:c0,32:38:26:53:85:4c
2023-01-02 13:09:07.485272,82:4f:3b:c8:ca:c0,e6:40:26:f7:d1:72
2023-01-02 13:09:07.486485,1e:8a:15:b3:99:44,4e:30:6c:29:c2:d3
2023-01-02 13:09:07.487771,ea:cc:23:b1:41:22,4e:30:6c:29:c2:d3
2023-01-02 13:09:07.489896,4e:30:6c:29:c2:d3,e6:78:88:c2:d9:38
2023-01-02 13:09:07.491351,1e:8a:15:b3:99:44,e6:78:88:c2:d9:38
2023-01-02 13:09:07.492359,ea:cc:23:b1:41:22,e6:78:88:c2:d9:38
2023-01-02 13:09:07.493517,4e:30:6c:29:c2:d3,1e:8a:15:b3:99:44
2023-01-02 13:09:07.495215,4e:30:6c:29:c2:d3,ea:cc:23:b1:41:22
2023-01-02 13:09:07.496774,e6:78:88:c2:d9:38,4e:30:6c:29:c2:d3
2023-01-02 13:09:07.497810,e6:78:88:c2:d9:38,1e:8a:15:b3:99:44
2023-01-02 13:09:07.499390,e6:78:88:c2:d9:38,ea:cc:23:b1:41:22
2023-01-02 13:09:07.733572,46:cb:0b:85:44:62,32:38:26:53:85:4c
2023-01-02 13:09:07.735849,32:38:26:53:85:4c,e6:40:26:f7:d1:72
2023-01-02 13:09:07.737291,46:cb:0b:85:44:62,e6:40:26:f7:d1:72
2023-01-02 13:09:07.738972,32:38:26:53:85:4c,46:cb:0b:85:44:62
2023-01-02 13:09:07.741721,e6:40:26:f7:d1:72,32:38:26:53:85:4c
2023-01-02 13:09:07.742753,e6:40:26:f7:d1:72,46:cb:0b:85:44:62
2023-01-02 13:09:07.743647,1e:8a:15:b3:99:44,ea:cc:23:b1:41:22
2023-01-02 13:09:07.744878,ea:cc:23:b1:41:22,1e:8a:15:b3:99:44
2023-01-02 13:09:16.949184,46:cb:0b:85:44:62,33:33:00:00:00:02
2023-01-02 13:09:17.717268,1e:8a:15:b3:99:44,33:33:00:00:00:02
2023-01-02 13:09:18.997894,ea:cc:23:b1:41:22,33:33:00:00:00:02
2023-01-02 13:09:19.252619,82:4f:3b:c8:ca:c0,33:33:00:00:00:02
2023-01-02 13:09:19.253563,32:38:26:53:85:4c,33:33:00:00:00:02
2023-01-02 13:09:21.301440,4e:30:6c:29:c2:d3,33:33:00:00:00:02
2023-01-02 13:09:23.349476,e6:40:26:f7:d1:72,33:33:00:00:00:02
2023-01-02 13:09:23.350433,e6:78:88:c2:d9:38,33:33:00:00:00:02
2023-01-02 13:09:37.172374,5e:81:47:db:46:ea,33:33:00:00:00:16
2023-01-02 13:09:37.397048,7e:3c:4b:a6:f0:36,33:33:00:00:00:16
2023-01-02 13:09:37.460709,f6:53:25:be:ec:9f,33:33:00:00:00:16
2023-01-02 13:09:37.525083,f6:53:25:be:ec:9f,33:33:ff:be:ec:9f
2023-01-02 13:09:37.526064,42:bb:14:00:45:ea,33:33:ff:00:45:ea
2023-01-02 13:09:37.589097,0a:82:aa:8d:ad:44,33:33:ff:8d:ad:44
2023-01-02 13:09:37.590062,42:bb:14:00:45:ea,33:33:00:00:00:16
2023-01-02 13:09:37.621839,5e:81:47:db:46:ea,33:33:00:00:00:16
2023-01-02 13:09:37.622733,5e:81:47:db:46:ea,33:33:00:00:00:02
2023-01-02 13:09:37.623400,02:84:5d:e8:e2:4b,33:33:00:00:00:16
2023-01-02 13:09:37.624124,02:84:5d:e8:e2:4b,33:33:00:00:00:02
2023-01-02 13:09:37.626541,7e:3c:4b:a6:f0:36,33:33:ff:a6:f0:36
2023-01-02 13:09:37.757331,62:9f:52:8c:df:f0,33:33:00:00:00:16
2023-01-02 13:09:37.758118,62:9f:52:8c:df:f0,33:33:00:00:00:02
2023-01-02 13:09:38.100811,66:37:ec:b2:ad:52,33:33:00:00:00:16
2023-01-02 13:09:38.101696,66:37:ec:b2:ad:52,33:33:00:00:00:02
2023-01-02 13:09:38.102624,5e:81:47:db:46:ea,33:33:00:00:00:16
2023-01-02 13:09:38.419405,66:37:ec:b2:ad:52,33:33:00:00:00:16
2023-01-02 13:09:38.420366,02:84:5d:e8:e2:4b,33:33:00:00:00:16
2023-01-02 13:09:38.550845,f6:53:25:be:ec:9f,33:33:00:00:00:16
2023-01-02 13:09:38.551625,f6:53:25:be:ec:9f,33:33:00:00:00:02
2023-01-02 13:09:38.552741,62:9f:52:8c:df:f0,33:33:00:00:00:16
2023-01-02 13:09:38.554365,42:bb:14:00:45:ea,33:33:00:00:00:16
2023-01-02 13:09:38.556103,42:bb:14:00:45:ea,33:33:00:00:00:02
2023-01-02 13:09:38.612913,0a:82:aa:8d:ad:44,33:33:00:00:00:16
2023-01-02 13:09:38.613885,0a:82:aa:8d:ad:44,33:33:00:00:00:02
2023-01-02 13:09:38.645038,7e:3c:4b:a6:f0:36,33:33:00:00:00:16
2023-01-02 13:09:38.648217,7e:3c:4b:a6:f0:36,33:33:00:00:00:02
2023-01-02 13:09:38.756687,7e:3c:4b:a6:f0:36,33:33:00:00:00:16
2023-01-02 13:09:38.808481,0a:82:aa:8d:ad:44,33:33:00:00:00:16
2023-01-02 13:09:39.093014,f6:53:25:be:ec:9f,33:33:00:00:00:16
2023-01-02 13:09:39.348617,42:bb:14:00:45:ea,33:33:00:00:00:16
2023-01-02 13:09:41.268770,02:84:5d:e8:e2:4b,33:33:00:00:00:02
2023-01-02 13:09:41.780919,5e:81:47:db:46:ea,33:33:00:00:00:02
2023-01-02 13:09:42.036692,62:9f:52:8c:df:f0,33:33:00:00:00:02
2023-01-02 13:09:42.292453,66:37:ec:b2:ad:52,33:33:00:00:00:02
2023-01-02 13:09:42.548964,42:bb:14:00:45:ea,33:33:00:00:00:02
2023-01-02 13:09:42.804781,f6:53:25:be:ec:9f,33:33:00:00:00:02
2023-01-02 13:09:42.805967,7e:3c:4b:a6:f0:36,33:33:00:00:00:02
2023-01-02 13:09:43.060953,0a:82:aa:8d:ad:44,33:33:00:00:00:02
2023-01-02 13:09:48.436380,02:84:5d:e8:e2:4b,33:33:00:00:00:02
2023-01-02 13:09:50.229138,5e:81:47:db:46:ea,33:33:00:00:00:02
2023-01-02 13:09:50.485114,42:bb:14:00:45:ea,33:33:00:00:00:02
2023-01-02 13:09:50.997205,7e:3c:4b:a6:f0:36,33:33:00:00:00:02
2023-01-02 13:09:50.998853,62:9f:52:8c:df:f0,33:33:00:00:00:02
2023-01-02 13:09:51.000460,f6:53:25:be:ec:9f,33:33:00:00:00:02
2023-01-02 13:09:51.001557,66:37:ec:b2:ad:52,33:33:00:00:00:02
2023-01-02 13:09:51.764447,0a:82:aa:8d:ad:44,33:33:00:00:00:02
2023-01-02 13:10:03.029120,02:84:5d:e8:e2:4b,33:33:00:00:00:02
2023-01-02 13:10:06.103088,42:bb:14:00:45:ea,33:33:00:00:00:02
2023-01-02 13:10:06.356823,f6:53:25:be:ec:9f,33:33:00:00:00:02
2023-01-02 13:10:06.612833,7e:3c:4b:a6:f0:36,33:33:00:00:00:02
2023-01-02 13:10:08.405325,66:37:ec:b2:ad:52,33:33:00:00:00:02
2023-01-02 13:10:08.407527,5e:81:47:db:46:ea,33:33:00:00:00:02
2023-01-02 13:10:10.452822,0a:82:aa:8d:ad:44,33:33:00:00:00:02
2023-01-02 13:10:10.453818,62:9f:52:8c:df:f0,33:33:00:00:00:02
2023-01-02 13:10:32.980734,02:84:5d:e8:e2:4b,33:33:00:00:00:02
2023-01-02 13:10:37.077132,f6:53:25:be:ec:9f,33:33:00:00:00:02
2023-01-02 13:10:39.124975,7e:3c:4b:a6:f0:36,33:33:00:00:00:02
2023-01-02 13:10:39.125671,42:bb:14:00:45:ea,33:33:00:00:00:02
2023-01-02 13:10:43.220446,66:37:ec:b2:ad:52,33:33:00:00:00:02
2023-01-02 13:10:43.221226,5e:81:47:db:46:ea,33:33:00:00:00:02
2023-01-02 13:10:47.317703,0a:82:aa:8d:ad:44,33:33:00:00:00:02
2023-01-02 13:10:47.319692,62:9f:52:8c:df:f0,33:33:00:00:00:02
2023-01-02 13:11:00.016971,62:9f:52:8c:df:f0,ff:ff:ff:ff:ff:ff
2023-01-02 13:11:00.018685,5e:81:47:db:46:ea,62:9f:52:8c:df:f0
2023-01-02 13:11:00.019722,5e:81:47:db:46:ea,62:9f:52:8c:df:f0
2023-01-02 13:11:00.066107,62:9f:52:8c:df:f0,ff:ff:ff:ff:ff:ff
2023-01-02 13:11:31.162766,62:9f:52:8c:df:f0,ff:ff:ff:ff:ff:ff
2023-01-02 13:11:31.165453,5e:81:47:db:46:ea,62:9f:52:8c:df:f0
2023-01-02 13:11:31.192386,62:9f:52:8c:df:f0,ff:ff:ff:ff:ff:ff
2023-01-02 13:11:31.193625,42:bb:14:00:45:ea,62:9f:52:8c:df:f0
2023-01-02 13:11:31.257362,62:9f:52:8c:df:f0,ff:ff:ff:ff:ff:ff
2023-01-02 13:11:31.272913,62:9f:52:8c:df:f0,5e:81:47:db:46:ea
2023-01-02 13:11:32.372873,02:84:5d:e8:e2:4b,33:33:00:00:00:02
2023-01-02 13:11:34.420763,f6:53:25:be:ec:9f,33:33:00:00:00:02
2023-01-02 13:11:40.565306,42:bb:14:00:45:ea,33:33:00:00:00:02
2023-01-02 13:11:46.708782,7e:3c:4b:a6:f0:36,33:33:00:00:00:02
2023-01-02 13:11:48.756503,66:37:ec:b2:ad:52,33:33:00:00:00:02
2023-01-02 13:11:52.854456,5e:81:47:db:46:ea,33:33:00:00:00:02
2023-01-02 13:12:01.045135,0a:82:aa:8d:ad:44,33:33:00:00:00:02
2023-01-02 13:18:39.320349,2e:f8:cf:62:9e:99,33:33:00:00:00:16
2023-01-02 13:18:39.322120,2e:f8:cf:62:9e:99,33:33:00:00:00:02
2023-01-02 13:18:39.608300,8a:f4:88:b9:dc:56,33:33:00:00:00:16
2023-01-02 13:18:39.636553,c6:06:f4:9c:e5:b1,33:33:ff:9c:e5:b1
2023-01-02 13:18:39.669055,12:cb:08:b3:33:77,33:33:00:00:00:16
2023-01-02 13:18:39.708466,be:7a:57:89:be:66,33:33:00:00:00:16
2023-01-02 13:18:39.709418,be:7a:57:89:be:66,33:33:00:00:00:02
2023-01-02 13:18:39.713468,12:3e:2c:8e:e9:57,33:33:00:00:00:16
2023-01-02 13:18:39.714583,06:6d:e4:e1:af:13,33:33:00:00:00:16
2023-01-02 13:18:39.715306,12:3e:2c:8e:e9:57,33:33:00:00:00:02
2023-01-02 13:18:39.721594,06:6d:e4:e1:af:13,33:33:00:00:00:02
2023-01-02 13:18:39.764593,7e:8b:0c:9b:01:6d,33:33:00:00:00:16
2023-01-02 13:18:39.765563,7e:8b:0c:9b:01:6d,33:33:00:00:00:02
2023-01-02 13:18:39.852402,be:7a:57:89:be:66,33:33:00:00:00:16
2023-01-02 13:18:39.892437,12:cb:08:b3:33:77,33:33:00:00:00:16
2023-01-02 13:18:39.894225,12:cb:08:b3:33:77,33:33:00:00:00:02
2023-01-02 13:18:40.004425,7e:8b:0c:9b:01:6d,33:33:00:00:00:16
2023-01-02 13:18:40.116139,8a:f4:88:b9:dc:56,33:33:00:00:00:16
2023-01-02 13:18:40.117108,8a:f4:88:b9:dc:56,33:33:00:00:00:02
2023-01-02 13:18:40.244557,2e:f8:cf:62:9e:99,33:33:00:00:00:16
2023-01-02 13:18:40.404192,12:cb:08:b3:33:77,33:33:00:00:00:16
2023-01-02 13:18:40.436591,12:3e:2c:8e:e9:57,33:33:00:00:00:16
2023-01-02 13:18:40.504466,06:6d:e4:e1:af:13,33:33:00:00:00:16
2023-01-02 13:18:40.660859,c6:06:f4:9c:e5:b1,33:33:00:00:00:16
2023-01-02 13:18:40.661682,c6:06:f4:9c:e5:b1,33:33:00:00:00:02
2023-01-02 13:18:40.920154,8a:f4:88:b9:dc:56,33:33:00:00:00:16
2023-01-02 13:18:41.556615,c6:06:f4:9c:e5:b1,33:33:00:00:00:16
2023-01-02 13:18:43.220475,2e:f8:cf:62:9e:99,33:33:00:00:00:02
2023-01-02 13:18:43.476729,7e:8b:0c:9b:01:6d,33:33:00:00:00:02
2023-01-02 13:18:43.732494,12:cb:08:b3:33:77,33:33:00:00:00:02
2023-01-02 13:18:43.733254,8a:f4:88:b9:dc:56,33:33:00:00:00:02
2023-01-02 13:18:43.733842,be:7a:57:89:be:66,33:33:00:00:00:02
2023-01-02 13:18:43.989556,06:6d:e4:e1:af:13,33:33:00:00:00:02
2023-01-02 13:18:43.990964,12:3e:2c:8e:e9:57,33:33:00:00:00:02
2023-01-02 13:18:45.012841,c6:06:f4:9c:e5:b1,33:33:00:00:00:02
2023-01-02 13:18:50.901236,8a:f4:88:b9:dc:56,33:33:00:00:00:02
2023-01-02 13:18:50.902272,7e:8b:0c:9b:01:6d,33:33:00:00:00:02
2023-01-02 13:18:50.902992,2e:f8:cf:62:9e:99,33:33:00:00:00:02
2023-01-02 13:18:51.412743,be:7a:57:89:be:66,33:33:00:00:00:02
2023-01-02 13:18:51.413694,12:cb:08:b3:33:77,33:33:00:00:00:02
2023-01-02 13:18:51.925333,12:3e:2c:8e:e9:57,33:33:00:00:00:02
2023-01-02 13:18:52.949392,06:6d:e4:e1:af:13,33:33:00:00:00:02
2023-01-02 13:18:53.717520,c6:06:f4:9c:e5:b1,33:33:00:00:00:02
2023-01-02 13:19:05.493006,8a:f4:88:b9:dc:56,33:33:00:00:00:02
2023-01-02 13:19:05.749384,2e:f8:cf:62:9e:99,33:33:00:00:00:02
2023-01-02 13:19:06.260630,7e:8b:0c:9b:01:6d,33:33:00:00:00:02
2023-01-02 13:19:06.516718,12:cb:08:b3:33:77,33:33:00:00:00:02
2023-01-02 13:19:07.540639,be:7a:57:89:be:66,33:33:00:00:00:02
2023-01-02 13:19:09.082442,12:3e:2c:8e:e9:57,33:33:00:00:00:02
2023-01-02 13:19:11.125389,06:6d:e4:e1:af:13,33:33:00:00:00:02
2023-01-02 13:19:13.173226,c6:06:f4:9c:e5:b1,33:33:00:00:00:02
2023-01-02 13:19:35.701386,8a:f4:88:b9:dc:56,33:33:00:00:00:02
2023-01-02 13:19:35.702648,7e:8b:0c:9b:01:6d,33:33:00:00:00:02
2023-01-02 13:19:35.704058,2e:f8:cf:62:9e:99,33:33:00:00:00:02
2023-01-02 13:19:37.748945,12:cb:08:b3:33:77,33:33:00:00:00:02
2023-01-02 13:19:39.797198,be:7a:57:89:be:66,33:33:00:00:00:02
2023-01-02 13:19:43.893200,12:3e:2c:8e:e9:57,33:33:00:00:00:02
2023-01-02 13:19:43.894711,06:6d:e4:e1:af:13,33:33:00:00:00:02
2023-01-02 13:19:50.037662,c6:06:f4:9c:e5:b1,33:33:00:00:00:02
2023-01-02 13:20:32.216993,06:6d:e4:e1:af:13,ff:ff:ff:ff:ff:ff
2023-01-02 13:20:32.219513,7e:8b:0c:9b:01:6d,06:6d:e4:e1:af:13
2023-01-02 13:20:32.220562,7e:8b:0c:9b:01:6d,06:6d:e4:e1:af:13
2023-01-02 13:20:32.224027,06:6d:e4:e1:af:13,7e:8b:0c:9b:01:6d
2023-01-02 13:20:32.226888,7e:8b:0c:9b:01:6d,06:6d:e4:e1:af:13
2023-01-02 13:20:32.236787,06:6d:e4:e1:af:13,ff:ff:ff:ff:ff:ff
2023-01-02 13:20:32.239229,2e:f8:cf:62:9e:99,06:6d:e4:e1:af:13
2023-01-02 13:20:32.243158,06:6d:e4:e1:af:13,2e:f8:cf:62:9e:99
2023-01-02 13:20:32.244647,2e:f8:cf:62:9e:99,06:6d:e4:e1:af:13
2023-01-02 13:20:32.249031,06:6d:e4:e1:af:13,ff:ff:ff:ff:ff:ff
2023-01-02 13:20:32.250427,12:3e:2c:8e:e9:57,06:6d:e4:e1:af:13
2023-01-02 13:20:32.252333,06:6d:e4:e1:af:13,12:3e:2c:8e:e9:57
2023-01-02 13:20:32.253916,12:3e:2c:8e:e9:57,06:6d:e4:e1:af:13
2023-01-02 13:20:32.258109,06:6d:e4:e1:af:13,12:3e:2c:8e:e9:57
2023-01-02 13:20:32.259077,be:7a:57:89:be:66,ff:ff:ff:ff:ff:ff
2023-01-02 13:20:32.260213,12:cb:08:b3:33:77,be:7a:57:89:be:66
2023-01-02 13:20:32.261228,12:cb:08:b3:33:77,be:7a:57:89:be:66
2023-01-02 13:20:32.262777,be:7a:57:89:be:66,12:cb:08:b3:33:77
2023-01-02 13:20:32.264316,12:cb:08:b3:33:77,be:7a:57:89:be:66
2023-01-02 13:20:32.265753,12:3e:2c:8e:e9:57,06:6d:e4:e1:af:13
2023-01-02 13:20:32.270294,06:6d:e4:e1:af:13,12:3e:2c:8e:e9:57
2023-01-02 13:20:32.271224,be:7a:57:89:be:66,ff:ff:ff:ff:ff:ff
2023-01-02 13:20:32.273763,c6:06:f4:9c:e5:b1,be:7a:57:89:be:66
2023-01-02 13:20:32.277029,be:7a:57:89:be:66,c6:06:f4:9c:e5:b1
2023-01-02 13:20:32.279224,c6:06:f4:9c:e5:b1,be:7a:57:89:be:66
2023-01-02 13:20:32.281266,12:3e:2c:8e:e9:57,06:6d:e4:e1:af:13
2023-01-02 13:20:32.284984,06:6d:e4:e1:af:13,12:3e:2c:8e:e9:57
2023-01-02 13:20:32.286210,be:7a:57:89:be:66,ff:ff:ff:ff:ff:ff
2023-01-02 13:20:32.287746,8a:f4:88:b9:dc:56,be:7a:57:89:be:66
2023-01-02 13:20:32.289209,be:7a:57:89:be:66,8a:f4:88:b9:dc:56
2023-01-02 13:20:32.291192,8a:f4:88:b9:dc:56,be:7a:57:89:be:66
2023-01-02 13:20:32.293043,12:3e:2c:8e:e9:57,06:6d:e4:e1:af:13
2023-01-02 13:20:32.298469,7e:8b:0c:9b:01:6d,06:6d:e4:e1:af:13
2023-01-02 13:20:32.300306,06:6d:e4:e1:af:13,7e:8b:0c:9b:01:6d
2023-01-02 13:20:32.306149,7e:8b:0c:9b:01:6d,ff:ff:ff:ff:ff:ff
2023-01-02 13:20:32.309134,2e:f8:cf:62:9e:99,7e:8b:0c:9b:01:6d
2023-01-02 13:20:32.310904,7e:8b:0c:9b:01:6d,2e:f8:cf:62:9e:99
2023-01-02 13:20:32.312689,2e:f8:cf:62:9e:99,7e:8b:0c:9b:01:6d
2023-01-02 13:20:32.316588,7e:8b:0c:9b:01:6d,ff:ff:ff:ff:ff:ff
2023-01-02 13:20:32.318274,12:3e:2c:8e:e9:57,7e:8b:0c:9b:01:6d
2023-01-02 13:20:32.328499,7e:8b:0c:9b:01:6d,12:3e:2c:8e:e9:57
2023-01-02 13:20:32.336437,12:3e:2c:8e:e9:57,7e:8b:0c:9b:01:6d
2023-01-02 13:20:32.342591,7e:8b:0c:9b:01:6d,12:3e:2c:8e:e9:57
2023-01-02 13:20:32.344471,be:7a:57:89:be:66,12:cb:08:b3:33:77
2023-01-02 13:20:32.345924,12:cb:08:b3:33:77,be:7a:57:89:be:66
2023-01-02 13:20:32.347391,12:3e:2c:8e:e9:57,7e:8b:0c:9b:01:6d
2023-01-02 13:20:32.352369,7e:8b:0c:9b:01:6d,12:3e:2c:8e:e9:57
2023-01-02 13:20:32.353730,be:7a:57:89:be:66,c6:06:f4:9c:e5:b1
2023-01-02 13:20:32.354973,c6:06:f4:9c:e5:b1,be:7a:57:89:be:66
2023-01-02 13:20:32.359364,12:3e:2c:8e:e9:57,7e:8b:0c:9b:01:6d
2023-01-02 13:20:32.363934,7e:8b:0c:9b:01:6d,12:3e:2c:8e:e9:57
2023-01-02 13:20:32.365626,be:7a:57:89:be:66,8a:f4:88:b9:dc:56
2023-01-02 13:20:32.368016,8a:f4:88:b9:dc:56,be:7a:57:89:be:66
2023-01-02 13:20:32.369886,12:3e:2c:8e:e9:57,7e:8b:0c:9b:01:6d
2023-01-02 13:20:32.376166,2e:f8:cf:62:9e:99,06:6d:e4:e1:af:13
2023-01-02 13:20:32.377623,06:6d:e4:e1:af:13,2e:f8:cf:62:9e:99
2023-01-02 13:20:32.382085,2e:f8:cf:62:9e:99,7e:8b:0c:9b:01:6d
2023-01-02 13:20:32.384072,7e:8b:0c:9b:01:6d,2e:f8:cf:62:9e:99
2023-01-02 13:20:32.389070,2e:f8:cf:62:9e:99,ff:ff:ff:ff:ff:ff
2023-01-02 13:20:32.391402,12:3e:2c:8e:e9:57,2e:f8:cf:62:9e:99
2023-01-02 13:20:32.395416,2e:f8:cf:62:9e:99,12:3e:2c:8e:e9:57
2023-01-02 13:20:32.397210,12:3e:2c:8e:e9:57,2e:f8:cf:62:9e:99
2023-01-02 13:20:32.403165,2e:f8:cf:62:9e:99,12:3e:2c:8e:e9:57
2023-01-02 13:20:32.405169,be:7a:57:89:be:66,12:cb:08:b3:33:77
2023-01-02 13:20:32.407003,12:cb:08:b3:33:77,be:7a:57:89:be:66
2023-01-02 13:20:32.410458,12:3e:2c:8e:e9:57,2e:f8:cf:62:9e:99
2023-01-02 13:20:32.416937,2e:f8:cf:62:9e:99,12:3e:2c:8e:e9:57
2023-01-02 13:20:32.418421,be:7a:57:89:be:66,c6:06:f4:9c:e5:b1
2023-01-02 13:20:32.419727,c6:06:f4:9c:e5:b1,be:7a:57:89:be:66
2023-01-02 13:20:32.421915,12:3e:2c:8e:e9:57,2e:f8:cf:62:9e:99
2023-01-02 13:20:32.428533,2e:f8:cf:62:9e:99,12:3e:2c:8e:e9:57
2023-01-02 13:20:32.430863,be:7a:57:89:be:66,8a:f4:88:b9:dc:56
2023-01-02 13:20:32.432421,8a:f4:88:b9:dc:56,be:7a:57:89:be:66
2023-01-02 13:20:32.435422,12:3e:2c:8e:e9:57,2e:f8:cf:62:9e:99
2023-01-02 13:20:32.442537,12:3e:2c:8e:e9:57,06:6d:e4:e1:af:13
2023-01-02 13:20:32.444169,06:6d:e4:e1:af:13,12:3e:2c:8e:e9:57
2023-01-02 13:20:32.450218,12:3e:2c:8e:e9:57,7e:8b:0c:9b:01:6d
2023-01-02 13:20:32.452395,7e:8b:0c:9b:01:6d,12:3e:2c:8e:e9:57
2023-01-02 13:20:32.456786,12:3e:2c:8e:e9:57,2e:f8:cf:62:9e:99
2023-01-02 13:20:32.458529,2e:f8:cf:62:9e:99,12:3e:2c:8e:e9:57
2023-01-02 13:20:32.465271,be:7a:57:89:be:66,12:cb:08:b3:33:77
2023-01-02 13:20:32.468230,12:cb:08:b3:33:77,be:7a:57:89:be:66
2023-01-02 13:20:32.472461,be:7a:57:89:be:66,c6:06:f4:9c:e5:b1
2023-01-02 13:20:32.474171,c6:06:f4:9c:e5:b1,be:7a:57:89:be:66
2023-01-02 13:20:32.478578,be:7a:57:89:be:66,8a:f4:88:b9:dc:56
2023-01-02 13:20:32.480515,8a:f4:88:b9:dc:56,be:7a:57:89:be:66
2023-01-02 13:20:32.485933,12:cb:08:b3:33:77,be:7a:57:89:be:66
2023-01-02 13:20:32.488225,12:3e:2c:8e:e9:57,06:6d:e4:e1:af:13
2023-01-02 13:20:32.489805,06:6d:e4:e1:af:13,12:3e:2c:8e:e9:57
2023-01-02 13:20:32.492910,be:7a:57:89:be:66,12:cb:08:b3:33:77
2023-01-02 13:20:32.499952,12:cb:08:b3:33:77,be:7a:57:89:be:66
2023-01-02 13:20:32.502023,12:3e:2c:8e:e9:57,7e:8b:0c:9b:01:6d
2023-01-02 13:20:32.503622,7e:8b:0c:9b:01:6d,12:3e:2c:8e:e9:57
2023-01-02 13:20:32.505046,be:7a:57:89:be:66,12:cb:08:b3:33:77
2023-01-02 13:20:32.509267,12:cb:08:b3:33:77,be:7a:57:89:be:66
2023-01-02 13:20:32.510685,12:3e:2c:8e:e9:57,2e:f8:cf:62:9e:99
2023-01-02 13:20:32.512873,2e:f8:cf:62:9e:99,12:3e:2c:8e:e9:57
2023-01-02 13:20:32.514463,be:7a:57:89:be:66,12:cb:08:b3:33:77
2023-01-02 13:20:32.519396,12:cb:08:b3:33:77,be:7a:57:89:be:66
2023-01-02 13:20:32.520879,be:7a:57:89:be:66,12:cb:08:b3:33:77
2023-01-02 13:20:32.531745,12:cb:08:b3:33:77,ff:ff:ff:ff:ff:ff
2023-01-02 13:20:32.533902,c6:06:f4:9c:e5:b1,12:cb:08:b3:33:77
2023-01-02 13:20:32.536108,12:cb:08:b3:33:77,c6:06:f4:9c:e5:b1
2023-01-02 13:20:32.537697,c6:06:f4:9c:e5:b1,12:cb:08:b3:33:77
2023-01-02 13:20:32.542869,12:cb:08:b3:33:77,ff:ff:ff:ff:ff:ff
2023-01-02 13:20:32.544779,8a:f4:88:b9:dc:56,12:cb:08:b3:33:77
2023-01-02 13:20:32.547252,12:cb:08:b3:33:77,8a:f4:88:b9:dc:56
2023-01-02 13:20:32.549639,8a:f4:88:b9:dc:56,12:cb:08:b3:33:77
2023-01-02 13:20:32.557146,c6:06:f4:9c:e5:b1,be:7a:57:89:be:66
2023-01-02 13:20:32.560443,12:3e:2c:8e:e9:57,06:6d:e4:e1:af:13
2023-01-02 13:20:32.562408,06:6d:e4:e1:af:13,12:3e:2c:8e:e9:57
2023-01-02 13:20:32.564607,be:7a:57:89:be:66,c6:06:f4:9c:e5:b1
2023-01-02 13:20:32.570307,c6:06:f4:9c:e5:b1,be:7a:57:89:be:66
2023-01-02 13:20:32.572485,12:3e:2c:8e:e9:57,7e:8b:0c:9b:01:6d
2023-01-02 13:20:32.574617,7e:8b:0c:9b:01:6d,12:3e:2c:8e:e9:57
2023-01-02 13:20:32.579167,be:7a:57:89:be:66,c6:06:f4:9c:e5:b1
2023-01-02 13:20:32.585245,c6:06:f4:9c:e5:b1,be:7a:57:89:be:66
2023-01-02 13:20:32.588234,12:3e:2c:8e:e9:57,2e:f8:cf:62:9e:99
2023-01-02 13:20:32.594578,2e:f8:cf:62:9e:99,12:3e:2c:8e:e9:57
2023-01-02 13:20:32.598764,be:7a:57:89:be:66,c6:06:f4:9c:e5:b1
2023-01-02 13:20:32.604050,c6:06:f4:9c:e5:b1,be:7a:57:89:be:66
2023-01-02 13:20:32.606444,be:7a:57:89:be:66,c6:06:f4:9c:e5:b1
2023-01-02 13:20:32.612386,c6:06:f4:9c:e5:b1,12:cb:08:b3:33:77
2023-01-02 13:20:32.614349,12:cb:08:b3:33:77,c6:06:f4:9c:e5:b1
2023-01-02 13:20:32.619722,c6:06:f4:9c:e5:b1,ff:ff:ff:ff:ff:ff
2023-01-02 13:20:32.622682,8a:f4:88:b9:dc:56,c6:06:f4:9c:e5:b1
2023-01-02 13:20:32.626408,c6:06:f4:9c:e5:b1,8a:f4:88:b9:dc:56
2023-01-02 13:20:32.628105,8a:f4:88:b9:dc:56,c6:06:f4:9c:e5:b1
2023-01-02 13:20:32.633431,8a:f4:88:b9:dc:56,be:7a:57:89:be:66
2023-01-02 13:20:32.636297,12:3e:2c:8e:e9:57,06:6d:e4:e1:af:13
2023-01-02 13:20:32.638250,06:6d:e4:e1:af:13,12:3e:2c:8e:e9:57
2023-01-02 13:20:32.640066,be:7a:57:89:be:66,8a:f4:88:b9:dc:56
2023-01-02 13:20:32.645073,8a:f4:88:b9:dc:56,be:7a:57:89:be:66
2023-01-02 13:20:32.647142,12:3e:2c:8e:e9:57,7e:8b:0c:9b:01:6d
2023-01-02 13:20:32.648983,7e:8b:0c:9b:01:6d,12:3e:2c:8e:e9:57
2023-01-02 13:20:32.651402,be:7a:57:89:be:66,8a:f4:88:b9:dc:56
2023-01-02 13:20:32.660326,8a:f4:88:b9:dc:56,be:7a:57:89:be:66
2023-01-02 13:20:32.662709,12:3e:2c:8e:e9:57,2e:f8:cf:62:9e:99
2023-01-02 13:20:32.664594,2e:f8:cf:62:9e:99,12:3e:2c:8e:e9:57
2023-01-02 13:20:32.666920,be:7a:57:89:be:66,8a:f4:88:b9:dc:56
2023-01-02 13:20:32.671364,8a:f4:88:b9:dc:56,be:7a:57:89:be:66
2023-01-02 13:20:32.673147,be:7a:57:89:be:66,8a:f4:88:b9:dc:56
2023-01-02 13:20:32.678177,8a:f4:88:b9:dc:56,12:cb:08:b3:33:77
2023-01-02 13:20:32.681022,12:cb:08:b3:33:77,8a:f4:88:b9:dc:56
2023-01-02 13:20:32.685808,8a:f4:88:b9:dc:56,c6:06:f4:9c:e5:b1
2023-01-02 13:20:32.687479,c6:06:f4:9c:e5:b1,8a:f4:88:b9:dc:56
2023-01-02 13:20:33.044899,7e:8b:0c:9b:01:6d,33:33:00:00:00:02
2023-01-02 13:20:37.141010,8a:f4:88:b9:dc:56,33:33:00:00:00:02
2023-01-02 13:20:37.143286,2e:f8:cf:62:9e:99,33:33:00:00:00:02
2023-01-02 13:20:37.397460,8a:f4:88:b9:dc:56,be:7a:57:89:be:66
2023-01-02 13:20:37.398360,c6:06:f4:9c:e5:b1,be:7a:57:89:be:66
2023-01-02 13:20:37.399280,12:cb:08:b3:33:77,be:7a:57:89:be:66
2023-01-02 13:20:37.400509,be:7a:57:89:be:66,8a:f4:88:b9:dc:56
2023-01-02 13:20:37.401478,be:7a:57:89:be:66,c6:06:f4:9c:e5:b1
2023-01-02 13:20:37.402413,12:3e:2c:8e:e9:57,7e:8b:0c:9b:01:6d
2023-01-02 13:20:37.403163,2e:f8:cf:62:9e:99,7e:8b:0c:9b:01:6d
2023-01-02 13:20:37.404126,7e:8b:0c:9b:01:6d,06:6d:e4:e1:af:13
2023-01-02 13:20:37.405110,12:3e:2c:8e:e9:57,06:6d:e4:e1:af:13
2023-01-02 13:20:37.405876,2e:f8:cf:62:9e:99,06:6d:e4:e1:af:13
2023-01-02 13:20:37.406667,be:7a:57:89:be:66,12:cb:08:b3:33:77
2023-01-02 13:20:37.407453,7e:8b:0c:9b:01:6d,12:3e:2c:8e:e9:57
2023-01-02 13:20:37.408165,7e:8b:0c:9b:01:6d,2e:f8:cf:62:9e:99
2023-01-02 13:20:37.408972,06:6d:e4:e1:af:13,7e:8b:0c:9b:01:6d
2023-01-02 13:20:37.409816,06:6d:e4:e1:af:13,12:3e:2c:8e:e9:57
2023-01-02 13:20:37.410550,06:6d:e4:e1:af:13,2e:f8:cf:62:9e:99
2023-01-02 13:20:37.654542,8a:f4:88:b9:dc:56,c6:06:f4:9c:e5:b1
2023-01-02 13:20:37.656673,c6:06:f4:9c:e5:b1,12:cb:08:b3:33:77
2023-01-02 13:20:37.658875,8a:f4:88:b9:dc:56,12:cb:08:b3:33:77
2023-01-02 13:20:37.661379,12:3e:2c:8e:e9:57,2e:f8:cf:62:9e:99
2023-01-02 13:20:37.663637,c6:06:f4:9c:e5:b1,8a:f4:88:b9:dc:56
2023-01-02 13:20:37.665433,12:cb:08:b3:33:77,c6:06:f4:9c:e5:b1
2023-01-02 13:20:37.668182,12:cb:08:b3:33:77,8a:f4:88:b9:dc:56
2023-01-02 13:20:37.669763,2e:f8:cf:62:9e:99,12:3e:2c:8e:e9:57
2023-01-02 13:20:41.236786,be:7a:57:89:be:66,33:33:00:00:00:02
2023-01-02 13:20:41.237654,12:cb:08:b3:33:77,33:33:00:00:00:02
2023-01-02 13:20:50.843457,e6:e7:d9:4c:58:62,33:33:00:00:00:16
2023-01-02 13:20:50.849146,16:2a:63:1d:14:23,33:33:ff:1d:14:23
2023-01-02 13:20:51.284536,c2:39:2c:0a:83:14,33:33:ff:0a:83:14
2023-01-02 13:20:51.316353,a2:4e:1e:06:71:3f,33:33:ff:06:71:3f
2023-01-02 13:20:51.476581,e2:1e:29:05:8e:34,33:33:ff:05:8e:34
2023-01-02 13:20:51.509407,a6:0c:3a:8e:1a:d2,33:33:00:00:00:16
2023-01-02 13:20:51.510094,a6:0c:3a:8e:1a:d2,33:33:00:00:00:02
2023-01-02 13:20:51.510840,5a:ee:cb:6d:b8:04,33:33:00:00:00:16
2023-01-02 13:20:51.511383,5a:ee:cb:6d:b8:04,33:33:00:00:00:02
2023-01-02 13:20:51.512007,e6:e7:d9:4c:58:62,33:33:00:00:00:16
2023-01-02 13:20:51.512515,e6:e7:d9:4c:58:62,33:33:00:00:00:02
2023-01-02 13:20:51.540110,a2:4e:1e:06:71:3f,33:33:00:00:00:16
2023-01-02 13:20:51.736725,1e:e0:c5:68:fd:51,33:33:00:00:00:16
2023-01-02 13:20:51.737575,1e:e0:c5:68:fd:51,33:33:00:00:00:02
2023-01-02 13:20:51.860673,16:2a:63:1d:14:23,33:33:00:00:00:16
2023-01-02 13:20:51.861399,16:2a:63:1d:14:23,33:33:00:00:00:02
2023-01-02 13:20:52.190969,16:2a:63:1d:14:23,33:33:00:00:00:16
2023-01-02 13:20:52.191723,e6:e7:d9:4c:58:62,33:33:00:00:00:16
2023-01-02 13:20:52.213118,5a:ee:cb:6d:b8:04,33:33:00:00:00:16
2023-01-02 13:20:52.316075,c2:39:2c:0a:83:14,33:33:00:00:00:16
2023-01-02 13:20:52.320942,c2:39:2c:0a:83:14,33:33:00:00:00:02
2023-01-02 13:20:52.340011,a2:4e:1e:06:71:3f,33:33:00:00:00:16
2023-01-02 13:20:52.342185,a2:4e:1e:06:71:3f,33:33:00:00:00:02
2023-01-02 13:20:52.392418,c2:39:2c:0a:83:14,33:33:00:00:00:16
2023-01-02 13:20:52.468897,1e:e0:c5:68:fd:51,33:33:00:00:00:16
2023-01-02 13:20:52.488359,a2:4e:1e:06:71:3f,33:33:00:00:00:16
2023-01-02 13:20:52.501010,e2:1e:29:05:8e:34,33:33:00:00:00:16
2023-01-02 13:20:52.502586,a6:0c:3a:8e:1a:d2,33:33:00:00:00:16
2023-01-02 13:20:52.504711,e2:1e:29:05:8e:34,33:33:00:00:00:02
2023-01-02 13:20:53.108288,e2:1e:29:05:8e:34,33:33:00:00:00:16
2023-01-02 13:20:55.316645,e6:e7:d9:4c:58:62,33:33:00:00:00:02
2023-01-02 13:20:55.828828,a6:0c:3a:8e:1a:d2,33:33:00:00:00:02
2023-01-02 13:20:55.829903,16:2a:63:1d:14:23,33:33:00:00:00:02
2023-01-02 13:20:55.830889,5a:ee:cb:6d:b8:04,33:33:00:00:00:02
2023-01-02 13:20:56.340962,e2:1e:29:05:8e:34,33:33:00:00:00:02
2023-01-02 13:20:56.342096,a2:4e:1e:06:71:3f,33:33:00:00:00:02
2023-01-02 13:20:56.345085,c2:39:2c:0a:83:14,33:33:00:00:00:02
2023-01-02 13:20:56.346367,1e:e0:c5:68:fd:51,33:33:00:00:00:02
2023-01-02 13:21:02.996672,e6:e7:d9:4c:58:62,33:33:00:00:00:02
2023-01-02 13:21:03.508944,e2:1e:29:05:8e:34,33:33:00:00:00:02
2023-01-02 13:21:03.510047,16:2a:63:1d:14:23,33:33:00:00:00:02
2023-01-02 13:21:04.020696,a2:4e:1e:06:71:3f,33:33:00:00:00:02
2023-01-02 13:21:04.021754,a6:0c:3a:8e:1a:d2,33:33:00:00:00:02
2023-01-02 13:21:04.532799,c2:39:2c:0a:83:14,33:33:00:00:00:02
2023-01-02 13:21:04.788812,5a:ee:cb:6d:b8:04,33:33:00:00:00:02
2023-01-02 13:21:05.557398,1e:e0:c5:68:fd:51,33:33:00:00:00:02
2023-01-02 13:21:18.107732,e2:1e:29:05:8e:34,33:33:00:00:00:02
2023-01-02 13:21:18.612504,16:2a:63:1d:14:23,33:33:00:00:00:02
2023-01-02 13:21:18.869282,a2:4e:1e:06:71:3f,33:33:00:00:00:02
2023-01-02 13:21:18.873383,e6:e7:d9:4c:58:62,33:33:00:00:00:02
2023-01-02 13:21:19.643992,a6:0c:3a:8e:1a:d2,33:33:00:00:00:02
2023-01-02 13:21:20.412272,c2:39:2c:0a:83:14,33:33:00:00:00:02
2023-01-02 13:21:24.244812,5a:ee:cb:6d:b8:04,33:33:00:00:00:02
2023-01-02 13:21:24.245827,1e:e0:c5:68:fd:51,33:33:00:00:00:02
2023-01-02 13:21:46.772984,e2:1e:29:05:8e:34,33:33:00:00:00:02
2023-01-02 13:21:48.820558,16:2a:63:1d:14:23,33:33:00:00:00:02
2023-01-02 13:21:50.868359,a2:4e:1e:06:71:3f,33:33:00:00:00:02
2023-01-02 13:21:50.869118,c2:39:2c:0a:83:14,33:33:00:00:00:02
2023-01-02 13:21:52.916898,a6:0c:3a:8e:1a:d2,33:33:00:00:00:02
2023-01-02 13:21:52.918355,e6:e7:d9:4c:58:62,33:33:00:00:00:02
2023-01-02 13:22:01.109011,5a:ee:cb:6d:b8:04,33:33:00:00:00:02
2023-01-02 13:22:01.110186,1e:e0:c5:68:fd:51,33:33:00:00:00:02
2023-01-02 13:22:44.116969,e2:1e:29:05:8e:34,33:33:00:00:00:02
2023-01-02 13:22:50.261391,16:2a:63:1d:14:23,33:33:00:00:00:02
2023-01-02 13:22:52.308144,a2:4e:1e:06:71:3f,33:33:00:00:00:02
2023-01-02 13:22:54.357527,c2:39:2c:0a:83:14,33:33:00:00:00:02
2023-01-02 13:22:56.405181,a6:0c:3a:8e:1a:d2,33:33:00:00:00:02
2023-01-02 13:23:00.501223,e6:e7:d9:4c:58:62,33:33:00:00:00:02
2023-01-02 13:23:14.837319,5a:ee:cb:6d:b8:04,33:33:00:00:00:02
2023-01-02 13:23:16.884804,1e:e0:c5:68:fd:51,33:33:00:00:00:02
2023-01-02 13:24:38.804955,e2:1e:29:05:8e:34,33:33:00:00:00:02
2023-01-02 13:24:51.092859,a2:4e:1e:06:71:3f,33:33:00:00:00:02
2023-01-02 13:25:01.333027,a6:0c:3a:8e:1a:d2,33:33:00:00:00:02
2023-01-02 13:25:07.477114,c2:39:2c:0a:83:14,33:33:00:00:00:02
2023-01-02 13:25:23.867083,e6:e7:d9:4c:58:62,33:33:00:00:00:02
2023-01-02 13:25:40.244735,5a:ee:cb:6d:b8:04,33:33:00:00:00:02
2023-01-02 13:25:56.629505,1e:e0:c5:68:fd:51,33:33:00:00:00:02
2023-01-02 13:26:12.532558,62:a2:61:55:ae:15,33:33:ff:55:ae:15
2023-01-02 13:26:12.565350,92:39:df:f0:5c:60,33:33:ff:f0:5c:60
2023-01-02 13:26:12.571096,be:a9:d4:48:8e:80,33:33:ff:48:8e:80
2023-01-02 13:26:12.596456,72:64:05:7a:ab:fd,33:33:00:00:00:16
2023-01-02 13:26:12.661192,92:39:df:f0:5c:60,33:33:00:00:00:16
2023-01-02 13:26:12.692326,72:64:05:7a:ab:fd,33:33:ff:7a:ab:fd
2023-01-02 13:26:12.724388,3e:c9:a9:67:b1:40,33:33:00:00:00:16
2023-01-02 13:26:12.788220,be:a9:d4:48:8e:80,33:33:00:00:00:16
2023-01-02 13:26:12.821026,3a:8d:ff:42:30:8d,33:33:ff:42:30:8d
2023-01-02 13:26:12.859230,8e:12:bd:7e:c5:c7,33:33:00:00:00:16
2023-01-02 13:26:13.012378,8e:12:bd:7e:c5:c7,33:33:00:00:00:16
2023-01-02 13:26:13.013816,8e:12:bd:7e:c5:c7,33:33:00:00:00:02
2023-01-02 13:26:13.044412,16:f0:f7:ac:5f:35,33:33:00:00:00:16
2023-01-02 13:26:13.108066,3e:c9:a9:67:b1:40,33:33:00:00:00:16
2023-01-02 13:26:13.110132,3e:c9:a9:67:b1:40,33:33:00:00:00:02
2023-01-02 13:26:13.211344,16:f0:f7:ac:5f:35,33:33:00:00:00:16
2023-01-02 13:26:13.213601,16:f0:f7:ac:5f:35,33:33:00:00:00:02
2023-01-02 13:26:13.492221,8e:12:bd:7e:c5:c7,33:33:00:00:00:16
2023-01-02 13:26:13.556203,62:a2:61:55:ae:15,33:33:00:00:00:16
2023-01-02 13:26:13.557909,62:a2:61:55:ae:15,33:33:00:00:00:02
2023-01-02 13:26:13.588768,be:a9:d4:48:8e:80,33:33:00:00:00:16
2023-01-02 13:26:13.590849,92:39:df:f0:5c:60,33:33:00:00:00:16
2023-01-02 13:26:13.591680,be:a9:d4:48:8e:80,33:33:00:00:00:02
2023-01-02 13:26:13.592197,92:39:df:f0:5c:60,33:33:00:00:00:02
2023-01-02 13:26:13.652876,3e:c9:a9:67:b1:40,33:33:00:00:00:16
2023-01-02 13:26:13.718236,72:64:05:7a:ab:fd,33:33:00:00:00:16
2023-01-02 13:26:13.721201,72:64:05:7a:ab:fd,33:33:00:00:00:02
2023-01-02 13:26:13.844631,3a:8d:ff:42:30:8d,33:33:00:00:00:16
2023-01-02 13:26:13.846271,3a:8d:ff:42:30:8d,33:33:00:00:00:02
2023-01-02 13:26:13.885827,62:a2:61:55:ae:15,33:33:00:00:00:16
2023-01-02 13:26:13.921759,be:a9:d4:48:8e:80,33:33:00:00:00:16
2023-01-02 13:26:14.068224,92:39:df:f0:5c:60,33:33:00:00:00:16
2023-01-02 13:26:14.197710,16:f0:f7:ac:5f:35,33:33:00:00:00:16
2023-01-02 13:26:14.231338,3a:8d:ff:42:30:8d,33:33:00:00:00:16
2023-01-02 13:26:14.613186,72:64:05:7a:ab:fd,33:33:00:00:00:16
2023-01-02 13:26:17.364785,62:a2:61:55:ae:15,33:33:00:00:00:02
2023-01-02 13:26:17.365801,3e:c9:a9:67:b1:40,33:33:00:00:00:02
2023-01-02 13:26:17.366887,16:f0:f7:ac:5f:35,33:33:00:00:00:02
2023-01-02 13:26:17.367949,8e:12:bd:7e:c5:c7,33:33:00:00:00:02
2023-01-02 13:26:17.620857,72:64:05:7a:ab:fd,33:33:00:00:00:02
2023-01-02 13:26:17.621965,92:39:df:f0:5c:60,33:33:00:00:00:02
2023-01-02 13:26:17.877050,be:a9:d4:48:8e:80,33:33:00:00:00:02
2023-01-02 13:26:18.133050,3a:8d:ff:42:30:8d,33:33:00:00:00:02
2023-01-02 13:26:25.044573,72:64:05:7a:ab:fd,33:33:00:00:00:02
2023-01-02 13:26:25.045450,62:a2:61:55:ae:15,33:33:00:00:00:02
2023-01-02 13:26:25.300732,92:39:df:f0:5c:60,33:33:00:00:00:02
2023-01-02 13:26:25.556770,3e:c9:a9:67:b1:40,33:33:00:00:00:02
2023-01-02 13:26:25.813228,8e:12:bd:7e:c5:c7,33:33:00:00:00:02
2023-01-02 13:26:26.068824,16:f0:f7:ac:5f:35,33:33:00:00:00:02
2023-01-02 13:26:26.581581,3a:8d:ff:42:30:8d,33:33:00:00:00:02
2023-01-02 13:26:26.836793,be:a9:d4:48:8e:80,33:33:00:00:00:02
2023-01-02 13:26:39.892455,72:64:05:7a:ab:fd,33:33:00:00:00:02
2023-01-02 13:26:40.665412,62:a2:61:55:ae:15,33:33:00:00:00:02
2023-01-02 13:26:41.173331,92:39:df:f0:5c:60,33:33:00:00:00:02
2023-01-02 13:26:42.709023,3a:8d:ff:42:30:8d,33:33:00:00:00:02
2023-01-02 13:26:43.733331,3e:c9:a9:67:b1:40,33:33:00:00:00:02
2023-01-02 13:26:43.734886,be:a9:d4:48:8e:80,33:33:00:00:00:02
2023-01-02 13:26:43.736717,16:f0:f7:ac:5f:35,33:33:00:00:00:02
2023-01-02 13:26:43.738424,8e:12:bd:7e:c5:c7,33:33:00:00:00:02
2023-01-02 13:27:10.356505,72:64:05:7a:ab:fd,33:33:00:00:00:02
2023-01-02 13:27:14.453156,62:a2:61:55:ae:15,33:33:00:00:00:02
2023-01-02 13:27:14.454859,92:39:df:f0:5c:60,33:33:00:00:00:02
2023-01-02 13:27:16.501130,3a:8d:ff:42:30:8d,33:33:00:00:00:02
2023-01-02 13:27:16.502766,8e:12:bd:7e:c5:c7,33:33:00:00:00:02
2023-01-02 13:27:18.549080,3e:c9:a9:67:b1:40,33:33:00:00:00:02
2023-01-02 13:27:18.550952,16:f0:f7:ac:5f:35,33:33:00:00:00:02
2023-01-02 13:27:20.597222,be:a9:d4:48:8e:80,33:33:00:00:00:02
2023-01-02 13:27:36.447625,8e:12:bd:7e:c5:c7,ff:ff:ff:ff:ff:ff
2023-01-02 13:27:36.451390,92:39:df:f0:5c:60,8e:12:bd:7e:c5:c7
2023-01-02 13:27:36.452286,92:39:df:f0:5c:60,8e:12:bd:7e:c5:c7
2023-01-02 13:27:36.454614,8e:12:bd:7e:c5:c7,92:39:df:f0:5c:60
2023-01-02 13:27:36.455901,92:39:df:f0:5c:60,8e:12:bd:7e:c5:c7
2023-01-02 13:27:41.589642,92:39:df:f0:5c:60,8e:12:bd:7e:c5:c7
2023-01-02 13:27:41.592603,8e:12:bd:7e:c5:c7,92:39:df:f0:5c:60
2023-01-02 13:28:11.796973,72:64:05:7a:ab:fd,33:33:00:00:00:02
2023-01-02 13:28:17.102867,be:a9:d4:48:8e:80,ff:ff:ff:ff:ff:ff
2023-01-02 13:28:17.105312,8e:12:bd:7e:c5:c7,be:a9:d4:48:8e:80
2023-01-02 13:28:17.107913,8e:12:bd:7e:c5:c7,be:a9:d4:48:8e:80
2023-01-02 13:28:17.142191,be:a9:d4:48:8e:80,ff:ff:ff:ff:ff:ff
2023-01-02 13:28:17.144499,16:f0:f7:ac:5f:35,be:a9:d4:48:8e:80
2023-01-02 13:28:17.198629,be:a9:d4:48:8e:80,ff:ff:ff:ff:ff:ff
2023-01-02 13:28:17.221298,be:a9:d4:48:8e:80,8e:12:bd:7e:c5:c7
2023-01-02 13:28:22.036897,62:a2:61:55:ae:15,33:33:00:00:00:02
2023-01-02 13:28:22.039281,92:39:df:f0:5c:60,33:33:00:00:00:02
2023-01-02 13:28:24.085217,3a:8d:ff:42:30:8d,33:33:00:00:00:02
2023-01-02 13:28:24.087469,8e:12:bd:7e:c5:c7,33:33:00:00:00:02
2023-01-02 13:28:26.133647,3e:c9:a9:67:b1:40,33:33:00:00:00:02
2023-01-02 13:28:26.135716,16:f0:f7:ac:5f:35,33:33:00:00:00:02
2023-01-02 13:38:48.725035,f2:af:b3:ae:94:aa,33:33:00:00:00:02
2023-01-02 13:39:13.300892,9a:43:37:57:7c:14,33:33:00:00:00:02
2023-01-02 13:39:15.349253,5e:31:51:f1:44:40,33:33:00:00:00:02
2023-01-02 13:39:35.829233,12:4c:70:ef:6e:f7,33:33:00:00:00:02
2023-01-02 13:39:35.830299,aa:c9:92:1e:76:b0,33:33:00:00:00:02
2023-01-02 13:39:52.212932,16:e7:11:cb:30:f9,33:33:00:00:00:02
2023-01-02 13:39:52.213987,26:ce:47:a3:aa:9c,33:33:00:00:00:02
2023-01-02 13:39:52.214976,56:9b:9d:ee:ed:af,33:33:00:00:00:02
2023-01-02 13:40:06.901093,fa:38:f1:2b:e0:21,33:33:ff:2b:e0:21
2023-01-02 13:40:06.934125,c6:54:bb:ee:a7:8e,33:33:00:00:00:16
2023-01-02 13:40:07.060291,8e:b4:48:68:be:9e,33:33:00:00:00:16
2023-01-02 13:40:07.246574,fa:38:f1:2b:e0:21,33:33:00:00:00:16
2023-01-02 13:40:07.247575,5a:e7:93:90:91:a2,33:33:00:00:00:16
2023-01-02 13:40:07.248439,e2:b9:3f:5c:ac:f2,33:33:00:00:00:16
2023-01-02 13:40:07.249234,5a:e7:93:90:91:a2,33:33:00:00:00:02
2023-01-02 13:40:07.250203,e2:b9:3f:5c:ac:f2,33:33:00:00:00:02
2023-01-02 13:40:07.253116,8a:97:6b:f6:3a:ed,33:33:00:00:00:16
2023-01-02 13:40:07.254167,92:ae:8d:01:5c:86,33:33:00:00:00:16
2023-01-02 13:40:07.255001,82:12:24:e4:40:2d,33:33:00:00:00:16
2023-01-02 13:40:07.256075,8a:97:6b:f6:3a:ed,33:33:00:00:00:02
2023-01-02 13:40:07.259595,92:ae:8d:01:5c:86,33:33:00:00:00:02
2023-01-02 13:40:07.260515,82:12:24:e4:40:2d,33:33:00:00:00:02
2023-01-02 13:40:07.316803,c6:54:bb:ee:a7:8e,33:33:00:00:00:16
2023-01-02 13:40:07.317937,c6:54:bb:ee:a7:8e,33:33:00:00:00:02
2023-01-02 13:40:07.412787,c6:54:bb:ee:a7:8e,33:33:00:00:00:16
2023-01-02 13:40:07.452918,5a:e7:93:90:91:a2,33:33:00:00:00:16
2023-01-02 13:40:07.700522,92:ae:8d:01:5c:86,33:33:00:00:00:16
2023-01-02 13:40:07.796395,8a:97:6b:f6:3a:ed,33:33:00:00:00:16
2023-01-02 13:40:07.830574,e2:b9:3f:5c:ac:f2,33:33:00:00:00:16
2023-01-02 13:40:07.924217,fa:38:f1:2b:e0:21,33:33:00:00:00:16
2023-01-02 13:40:07.924808,fa:38:f1:2b:e0:21,33:33:00:00:00:02
2023-01-02 13:40:07.993378,82:12:24:e4:40:2d,33:33:00:00:00:16
2023-01-02 13:40:08.820424,fa:38:f1:2b:e0:21,33:33:00:00:00:16
2023-01-02 13:40:10.132749,8e:b4:48:68:be:9e,33:33:00:00:00:02
2023-01-02 13:40:11.156115,82:12:24:e4:40:2d,33:33:00:00:00:02
2023-01-02 13:40:11.412421,c6:54:bb:ee:a7:8e,33:33:00:00:00:02
2023-01-02 13:40:11.413189,e2:b9:3f:5c:ac:f2,33:33:00:00:00:02
2023-01-02 13:40:11.413842,92:ae:8d:01:5c:86,33:33:00:00:00:02
2023-01-02 13:40:11.414583,8a:97:6b:f6:3a:ed,33:33:00:00:00:02
2023-01-02 13:40:11.668925,5a:e7:93:90:91:a2,33:33:00:00:00:02
2023-01-02 13:40:12.436987,fa:38:f1:2b:e0:21,33:33:00:00:00:02
2023-01-02 13:40:17.812736,8e:b4:48:68:be:9e,33:33:00:00:00:02
2023-01-02 13:40:19.092759,82:12:24:e4:40:2d,33:33:00:00:00:02
2023-01-02 13:40:19.604446,e2:b9:3f:5c:ac:f2,33:33:00:00:00:02
2023-01-02 13:40:19.605570,92:ae:8d:01:5c:86,33:33:00:00:00:02
2023-01-02 13:40:19.860533,c6:54:bb:ee:a7:8e,33:33:00:00:00:02
2023-01-02 13:40:19.861627,8a:97:6b:f6:3a:ed,33:33:00:00:00:02
2023-01-02 13:40:20.116719,5a:e7:93:90:91:a2,33:33:00:00:00:02
2023-01-02 13:40:21.397684,fa:38:f1:2b:e0:21,33:33:00:00:00:02
2023-01-02 13:40:32.917000,8e:b4:48:68:be:9e,33:33:00:00:00:02
2023-01-02 13:40:33.941201,82:12:24:e4:40:2d,33:33:00:00:00:02
2023-01-02 13:40:35.476815,e2:b9:3f:5c:ac:f2,33:33:00:00:00:02
2023-01-02 13:40:37.270125,5a:e7:93:90:91:a2,33:33:00:00:00:02
2023-01-02 13:40:37.271092,c6:54:bb:ee:a7:8e,33:33:00:00:00:02
2023-01-02 13:40:37.272018,8a:97:6b:f6:3a:ed,33:33:00:00:00:02
2023-01-02 13:40:37.272851,92:ae:8d:01:5c:86,33:33:00:00:00:02
2023-01-02 13:40:41.365089,fa:38:f1:2b:e0:21,33:33:00:00:00:02
2023-01-02 13:40:42.155169,8e:b4:48:68:be:9e,ff:ff:ff:ff:ff:ff
2023-01-02 13:40:42.156572,8a:97:6b:f6:3a:ed,8e:b4:48:68:be:9e
2023-01-02 13:40:42.157524,8a:97:6b:f6:3a:ed,8e:b4:48:68:be:9e
2023-01-02 13:40:42.158553,8e:b4:48:68:be:9e,8a:97:6b:f6:3a:ed
2023-01-02 13:40:42.159947,8a:97:6b:f6:3a:ed,8e:b4:48:68:be:9e
2023-01-02 13:40:47.253375,8a:97:6b:f6:3a:ed,8e:b4:48:68:be:9e
2023-01-02 13:40:47.255482,8e:b4:48:68:be:9e,8a:97:6b:f6:3a:ed
2023-01-02 13:41:02.519145,92:ae:8d:01:5c:86,ff:ff:ff:ff:ff:ff
2023-01-02 13:41:02.520123,8e:b4:48:68:be:9e,92:ae:8d:01:5c:86
2023-01-02 13:41:02.522859,8e:b4:48:68:be:9e,92:ae:8d:01:5c:86
2023-01-02 13:41:02.554828,92:ae:8d:01:5c:86,ff:ff:ff:ff:ff:ff
2023-01-02 13:41:02.557244,8a:97:6b:f6:3a:ed,92:ae:8d:01:5c:86
2023-01-02 13:41:02.606456,92:ae:8d:01:5c:86,ff:ff:ff:ff:ff:ff
2023-01-02 13:41:02.626005,92:ae:8d:01:5c:86,8e:b4:48:68:be:9e
2023-01-02 13:41:03.892944,82:12:24:e4:40:2d,33:33:00:00:00:02
2023-01-02 13:41:05.941070,8e:b4:48:68:be:9e,33:33:00:00:00:02
2023-01-02 13:41:07.988479,e2:b9:3f:5c:ac:f2,33:33:00:00:00:02
2023-01-02 13:41:10.037211,c6:54:bb:ee:a7:8e,33:33:00:00:00:02
2023-01-02 13:41:10.039227,5a:e7:93:90:91:a2,33:33:00:00:00:02
2023-01-02 13:41:10.041274,8a:97:6b:f6:3a:ed,33:33:00:00:00:02
2023-01-02 13:41:20.277133,fa:38:f1:2b:e0:21,33:33:00:00:00:02
2023-01-02 13:42:03.285463,82:12:24:e4:40:2d,33:33:00:00:00:02
2023-01-02 13:42:07.380533,8e:b4:48:68:be:9e,33:33:00:00:00:02
2023-01-02 13:42:13.524737,5a:e7:93:90:91:a2,33:33:00:00:00:02
2023-01-02 13:42:13.525702,e2:b9:3f:5c:ac:f2,33:33:00:00:00:02
2023-01-02 13:42:17.621073,c6:54:bb:ee:a7:8e,33:33:00:00:00:02
2023-01-02 13:42:17.622070,8a:97:6b:f6:3a:ed,33:33:00:00:00:02
2023-01-02 13:42:40.149041,fa:38:f1:2b:e0:21,33:33:00:00:00:02
2023-01-02 13:43:55.925699,82:12:24:e4:40:2d,33:33:00:00:00:02
2023-01-02 13:44:14.358089,8e:b4:48:68:be:9e,33:33:00:00:00:02
2023-01-02 13:44:16.405658,5a:e7:93:90:91:a2,33:33:00:00:00:02
2023-01-02 13:44:26.648930,8a:97:6b:f6:3a:ed,33:33:00:00:00:02
2023-01-02 13:44:30.741054,c6:54:bb:ee:a7:8e,33:33:00:00:00:02
2023-01-02 13:44:30.742033,e2:b9:3f:5c:ac:f2,33:33:00:00:00:02
2023-01-02 13:45:36.277651,fa:38:f1:2b:e0:21,33:33:00:00:00:02
2023-01-02 13:48:03.733378,82:12:24:e4:40:2d,33:33:00:00:00:02
2023-01-02 13:48:20.117223,5a:e7:93:90:91:a2,33:33:00:00:00:02
2023-01-02 13:48:36.501081,8e:b4:48:68:be:9e,33:33:00:00:00:02
2023-01-02 13:48:52.884558,c6:54:bb:ee:a7:8e,33:33:00:00:00:02
2023-01-02 13:48:52.886512,8a:97:6b:f6:3a:ed,33:33:00:00:00:02
2023-01-02 13:49:09.268375,e2:b9:3f:5c:ac:f2,33:33:00:00:00:02
2023-01-02 13:51:20.340932,fa:38:f1:2b:e0:21,33:33:00:00:00:02
2023-01-03 15:37:13.324697,22:01:e5:87:29:fe,ff:ff:ff:ff:ff:ff
2023-01-03 15:37:13.327309,06:b1:f5:e3:f1:15,22:01:e5:87:29:fe
2023-01-03 15:37:13.328142,06:b1:f5:e3:f1:15,22:01:e5:87:29:fe
2023-01-03 15:37:13.330959,06:b1:f5:e3:f1:15,22:01:e5:87:29:fe
2023-01-03 15:37:13.364859,22:01:e5:87:29:fe,ff:ff:ff:ff:ff:ff
2023-01-03 15:37:13.367558,5e:2a:22:64:78:1f,22:01:e5:87:29:fe
2023-01-03 15:37:13.368812,5e:2a:22:64:78:1f,22:01:e5:87:29:fe
2023-01-03 15:37:13.427580,22:01:e5:87:29:fe,ff:ff:ff:ff:ff:ff
2023-01-03 15:37:13.451730,22:01:e5:87:29:fe,06:b1:f5:e3:f1:15
2023-01-03 15:37:50.664643,06:b1:f5:e3:f1:15,ff:ff:ff:ff:ff:ff
2023-01-03 15:37:50.666562,06:b1:f5:e3:f1:15,22:01:e5:87:29:fe
2023-01-03 15:37:50.667799,5e:2a:22:64:78:1f,06:b1:f5:e3:f1:15
2023-01-03 16:52:07.007555,22:01:e5:87:29:fe,ff:ff:ff:ff:ff:ff
2023-01-03 16:52:07.011392,06:b1:f5:e3:f1:15,22:01:e5:87:29:fe
2023-01-03 16:52:07.016818,06:b1:f5:e3:f1:15,22:01:e5:87:29:fe
2023-01-03 16:52:07.052821,22:01:e5:87:29:fe,ff:ff:ff:ff:ff:ff
2023-01-03 16:52:07.055301,5e:2a:22:64:78:1f,22:01:e5:87:29:fe
2023-01-03 16:52:07.108772,22:01:e5:87:29:fe,ff:ff:ff:ff:ff:ff
2023-01-03 16:52:07.132234,22:01:e5:87:29:fe,06:b1:f5:e3:f1:15
2023-01-03 17:05:14.573765,5e:2a:22:64:78:1f,33:33:00:00:00:02
2023-01-03 17:07:25.643167,8e:f6:4d:38:64:b7,33:33:00:00:00:02
2023-01-03 17:22:43.139643,06:b1:f5:e3:f1:15,33:33:00:00:00:02
2023-01-03 17:22:43.142281,86:99:6a:46:fa:b9,33:33:00:00:00:02
2023-01-03 17:29:16.364874,aa:6a:84:81:3f:11,33:33:00:00:00:02
2023-01-03 17:35:49.580499,12:70:13:75:8f:3c,33:33:00:00:00:02
2023-01-03 17:35:49.584746,e2:2f:b7:37:52:c6,33:33:00:00:00:02
2023-01-03 18:05:21.900431,22:01:e5:87:29:fe,ff:ff:ff:ff:ff:ff
2023-01-03 18:05:21.903497,06:b1:f5:e3:f1:15,22:01:e5:87:29:fe
2023-01-03 18:05:21.905349,06:b1:f5:e3:f1:15,22:01:e5:87:29:fe
2023-01-03 18:05:21.938805,22:01:e5:87:29:fe,ff:ff:ff:ff:ff:ff
2023-01-03 18:05:21.941028,5e:2a:22:64:78:1f,22:01:e5:87:29:fe
2023-01-03 18:05:21.999234,22:01:e5:87:29:fe,ff:ff:ff:ff:ff:ff
2023-01-03 18:05:22.020679,22:01:e5:87:29:fe,06:b1:f5:e3:f1:15
2023-01-04 08:59:18.819021,8e:f6:4d:38:64:b7,33:33:00:00:00:02
2023-01-04 08:59:18.855833,5e:2a:22:64:78:1f,33:33:00:00:00:02
2023-01-04 09:14:36.315789,06:b1:f5:e3:f1:15,33:33:00:00:00:02
2023-01-04 09:18:58.458440,aa:6a:84:81:3f:11,33:33:00:00:00:02
2023-01-04 09:18:58.460042,86:99:6a:46:fa:b9,33:33:00:00:00:02
2023-01-04 09:32:04.890631,12:70:13:75:8f:3c,33:33:00:00:00:02
2023-01-04 09:36:27.035915,e2:2f:b7:37:52:c6,33:33:00:00:00:02
2023-01-04 09:53:55.781067,8e:f6:4d:38:64:b7,33:33:00:00:00:02
2023-01-04 09:56:06.685999,5e:2a:22:64:78:1f,33:33:00:00:00:02
2023-01-04 10:15:46.331733,06:b1:f5:e3:f1:15,33:33:00:00:00:02
2023-01-04 10:17:57.436004,aa:6a:84:81:3f:11,33:33:00:00:00:02
2023-01-04 10:17:57.483974,86:99:6a:46:fa:b9,33:33:00:00:00:02
2023-01-04 10:28:52.763715,12:70:13:75:8f:3c,33:33:00:00:00:02
2023-01-04 10:35:25.979081,e2:2f:b7:37:52:c6,33:33:00:00:00:02
2023-01-04 10:57:16.711036,8e:f6:4d:38:64:b7,33:33:00:00:00:02
2023-01-04 11:01:38.853023,5e:2a:22:64:78:1f,33:33:00:00:00:02
2023-01-04 11:14:45.286986,06:b1:f5:e3:f1:15,33:33:00:00:00:02
2023-01-04 11:21:18.493858,aa:6a:84:81:3f:11,33:33:00:00:00:02
2023-01-04 11:23:29.571211,86:99:6a:46:fa:b9,33:33:00:00:00:02
2023-01-04 11:25:40.640179,12:70:13:75:8f:3c,33:33:00:00:00:02
2023-01-04 11:40:58.141620,e2:2f:b7:37:52:c6,33:33:00:00:00:02
2023-01-04 11:54:04.572282,8e:f6:4d:38:64:b7,33:33:00:00:00:02
2023-01-04 12:00:37.788227,5e:2a:22:64:78:1f,33:33:00:00:00:02
2023-01-04 12:11:33.147872,06:b1:f5:e3:f1:15,33:33:00:00:00:02
2023-01-04 12:20:17.436129,12:70:13:75:8f:3c,33:33:00:00:00:02
2023-01-04 12:24:39.580360,aa:6a:84:81:3f:11,33:33:00:00:00:02
2023-01-04 12:31:12.796111,86:99:6a:46:fa:b9,33:33:00:00:00:02
2023-01-04 12:46:30.300181,e2:2f:b7:37:52:c6,33:33:00:00:00:02
2023-01-04 12:53:03.515896,8e:f6:4d:38:64:b7,33:33:00:00:00:02
2023-01-04 13:08:21.021575,06:b1:f5:e3:f1:15,33:33:00:00:00:02
2023-01-04 13:08:21.033266,5e:2a:22:64:78:1f,33:33:00:00:00:02
2023-01-04 13:19:16.380331,12:70:13:75:8f:3c,33:33:00:00:00:02
2023-01-04 13:25:49.596389,aa:6a:84:81:3f:11,33:33:00:00:00:02
2023-01-04 13:32:22.811741,86:99:6a:46:fa:b9,33:33:00:00:00:02
2023-01-04 13:43:18.172493,e2:2f:b7:37:52:c6,33:33:00:00:00:02
2023-01-04 13:54:13.531817,8e:f6:4d:38:64:b7,33:33:00:00:00:02
2023-01-04 14:05:08.893920,5e:2a:22:64:78:1f,33:33:00:00:00:02
2023-01-04 14:07:19.964399,06:b1:f5:e3:f1:15,33:33:00:00:00:02
2023-01-04 14:22:37.469344,12:70:13:75:8f:3c,33:33:00:00:00:02
2023-01-04 14:29:10.684564,aa:6a:84:81:3f:11,33:33:00:00:00:02
2023-01-04 14:37:54.972919,86:99:6a:46:fa:b9,33:33:00:00:00:02
2023-01-04 14:44:28.188161,e2:2f:b7:37:52:c6,33:33:00:00:00:02
2023-01-04 14:57:34.619980,8e:f6:4d:38:64:b7,33:33:00:00:00:02
2023-01-04 15:01:56.764217,5e:2a:22:64:78:1f,33:33:00:00:00:02
2023-01-04 15:06:18.908327,06:b1:f5:e3:f1:15,33:33:00:00:00:02
2023-01-04 15:28:09.631426,12:70:13:75:8f:3c,33:33:00:00:00:02
2023-01-04 15:32:31.773506,aa:6a:84:81:3f:11,33:33:00:00:00:02
2023-01-04 15:39:04.988420,86:99:6a:46:fa:b9,33:33:00:00:00:02
2023-01-04 15:43:27.131997,e2:2f:b7:37:52:c6,33:33:00:00:00:02
2023-01-04 16:00:55.707886,5e:2a:22:64:78:1f,33:33:00:00:00:02
2023-01-04 16:03:06.779712,8e:f6:4d:38:64:b7,33:33:00:00:00:02
2023-01-04 16:11:51.068512,06:b1:f5:e3:f1:15,33:33:00:00:00:02
2023-01-04 16:27:08.572737,aa:6a:84:81:3f:11,33:33:00:00:00:02
2023-01-04 16:29:19.644131,12:70:13:75:8f:3c,33:33:00:00:00:02
2023-01-04 16:38:03.932160,86:99:6a:46:fa:b9,33:33:00:00:00:02
2023-01-04 16:48:59.300992,e2:2f:b7:37:52:c6,33:33:00:00:00:02
2023-01-06 13:37:19.106399,1a:57:cc:f3:c6:f0,ff:ff:ff:ff:ff:ff
2023-01-06 13:37:19.109748,52:4c:ab:03:30:bb,1a:57:cc:f3:c6:f0
2023-01-06 13:37:19.110689,52:4c:ab:03:30:bb,1a:57:cc:f3:c6:f0
2023-01-06 13:37:19.113656,1a:57:cc:f3:c6:f0,52:4c:ab:03:30:bb
2023-01-06 13:37:19.114866,52:4c:ab:03:30:bb,1a:57:cc:f3:c6:f0
2023-01-06 13:37:24.210449,52:4c:ab:03:30:bb,1a:57:cc:f3:c6:f0
2023-01-06 13:37:24.215219,1a:57:cc:f3:c6:f0,52:4c:ab:03:30:bb
2023-01-06 13:38:04.718793,1a:57:cc:f3:c6:f0,ff:ff:ff:ff:ff:ff
2023-01-06 13:38:04.720084,be:e3:54:30:5b:2c,1a:57:cc:f3:c6:f0
2023-01-06 13:38:04.775382,1a:57:cc:f3:c6:f0,ff:ff:ff:ff:ff:ff
2023-01-06 13:38:04.799403,1a:57:cc:f3:c6:f0,be:e3:54:30:5b:2c
2023-01-06 13:39:44.118785,00:00:00:00:00:00,ff:ff:ff:ff:ff:ff
2023-01-06 14:41:16.882549,f6:01:99:41:c6:14,c2:a7:a6:27:a0:28
2023-01-06 14:41:16.884815,ae:9b:1e:97:b0:30,fe:cc:6f:23:92:98
2023-01-06 14:41:16.886375,ae:9b:1e:97:b0:30,fe:cc:6f:23:92:98
2023-01-06 14:41:16.889848,fe:cc:6f:23:92:98,ae:9b:1e:97:b0:30
2023-01-06 14:41:16.890757,fe:cc:6f:23:92:98,ae:9b:1e:97:b0:30
2023-01-06 14:41:16.891833,fe:cc:6f:23:92:98,ae:9b:1e:97:b0:30
2023-01-06 14:41:16.934580,c2:a7:a6:27:a0:28,f6:01:99:41:c6:14
2023-01-06 14:41:16.936999,c2:a7:a6:27:a0:28,f6:01:99:41:c6:14
2023-01-06 14:41:16.938773,c2:a7:a6:27:a0:28,f6:01:99:41:c6:14
2023-01-06 14:41:16.941657,c2:a7:a6:27:a0:28,f6:01:99:41:c6:14
2023-01-06 14:41:17.883796,f6:01:99:41:c6:14,c2:a7:a6:27:a0:28
2023-01-06 14:41:17.928040,ae:9b:1e:97:b0:30,fe:cc:6f:23:92:98
2023-01-06 14:41:21.906286,fe:cc:6f:23:92:98,ae:9b:1e:97:b0:30
2023-01-06 14:41:21.908829,ae:9b:1e:97:b0:30,fe:cc:6f:23:92:98
2023-01-06 14:41:21.911429,f6:01:99:41:c6:14,c2:a7:a6:27:a0:28
2023-01-06 14:41:21.913877,ae:9b:1e:97:b0:30,fe:cc:6f:23:92:98
2023-01-06 14:41:21.915613,ae:9b:1e:97:b0:30,fe:cc:6f:23:92:98
2023-01-06 14:41:21.917127,c2:a7:a6:27:a0:28,f6:01:99:41:c6:14
2023-01-06 14:41:21.919642,c2:a7:a6:27:a0:28,f6:01:99:41:c6:14
2023-01-06 14:41:21.951196,fe:cc:6f:23:92:98,ae:9b:1e:97:b0:30
2023-01-06 14:41:22.162276,c2:a7:a6:27:a0:28,f6:01:99:41:c6:14
2023-01-06 14:41:22.205921,f6:01:99:41:c6:14,c2:a7:a6:27:a0:28
2023-01-06 14:41:32.146213,c6:ae:d7:df:73:3d,33:33:00:00:00:02
2023-01-06 14:42:36.958019,f6:01:99:41:c6:14,c2:a7:a6:27:a0:28
2023-01-06 14:42:36.959226,ae:9b:1e:97:b0:30,ff:ff:ff:ff:ff:ff
2023-01-06 14:42:36.961039,c6:ae:d7:df:73:3d,ae:9b:1e:97:b0:30
2023-01-06 14:42:36.964709,c6:ae:d7:df:73:3d,ae:9b:1e:97:b0:30
2023-01-06 14:42:36.967363,ae:9b:1e:97:b0:30,c6:ae:d7:df:73:3d
2023-01-06 14:42:36.971423,ae:9b:1e:97:b0:30,c6:ae:d7:df:73:3d
2023-01-06 14:42:37.008650,c6:ae:d7:df:73:3d,ae:9b:1e:97:b0:30
2023-01-06 14:42:37.011692,c6:ae:d7:df:73:3d,ae:9b:1e:97:b0:30
2023-01-06 14:42:37.016614,c2:a7:a6:27:a0:28,f6:01:99:41:c6:14
2023-01-06 14:42:37.022072,c2:a7:a6:27:a0:28,f6:01:99:41:c6:14
2023-01-06 14:42:37.957333,f6:01:99:41:c6:14,c2:a7:a6:27:a0:28
2023-01-06 14:42:42.034732,c6:ae:d7:df:73:3d,ae:9b:1e:97:b0:30
2023-01-06 14:42:42.036623,c2:a7:a6:27:a0:28,f6:01:99:41:c6:14
2023-01-06 14:42:42.038081,ae:9b:1e:97:b0:30,c6:ae:d7:df:73:3d
2023-01-06 14:42:42.039246,f6:01:99:41:c6:14,c2:a7:a6:27:a0:28
2023-01-06 14:43:43.218228,26:5b:dd:6c:a4:82,33:33:00:00:00:02
2023-01-06 14:45:00.298573,f6:01:99:41:c6:14,c2:a7:a6:27:a0:28
2023-01-06 14:45:00.300017,ae:9b:1e:97:b0:30,c6:ae:d7:df:73:3d
2023-01-06 14:45:00.303418,c6:ae:d7:df:73:3d,ae:9b:1e:97:b0:30
2023-01-06 14:45:00.305367,c6:ae:d7:df:73:3d,ae:9b:1e:97:b0:30
2023-01-06 14:45:00.307239,ae:9b:1e:97:b0:30,c6:ae:d7:df:73:3d
2023-01-06 14:45:00.308893,c2:a7:a6:27:a0:28,f6:01:99:41:c6:14
2023-01-06 14:45:00.311508,c2:a7:a6:27:a0:28,f6:01:99:41:c6:14
2023-01-06 14:45:01.300012,f6:01:99:41:c6:14,c2:a7:a6:27:a0:28
2023-01-06 14:45:05.396124,c6:ae:d7:df:73:3d,ae:9b:1e:97:b0:30
2023-01-06 14:45:05.397541,ae:9b:1e:97:b0:30,c6:ae:d7:df:73:3d
2023-01-06 14:45:05.398642,c2:a7:a6:27:a0:28,f6:01:99:41:c6:14
2023-01-06 14:45:05.399998,f6:01:99:41:c6:14,c2:a7:a6:27:a0:28
2023-01-06 14:45:05.403366,ae:9b:1e:97:b0:30,c6:ae:d7:df:73:3d
2023-01-06 14:45:05.405914,c6:ae:d7:df:73:3d,ae:9b:1e:97:b0:30
2023-01-06 14:45:05.408985,f6:01:99:41:c6:14,c2:a7:a6:27:a0:28
2023-01-06 14:45:05.410080,c2:a7:a6:27:a0:28,f6:01:99:41:c6:14
2023-01-06 14:45:31.121508,ae:9b:1e:97:b0:30,c6:ae:d7:df:73:3d
2023-01-06 14:45:31.131294,c6:ae:d7:df:73:3d,ae:9b:1e:97:b0:30
2023-01-06 14:45:31.141679,c2:a7:a6:27:a0:28,f6:01:99:41:c6:14
2023-01-06 14:45:32.123878,f6:01:99:41:c6:14,c2:a7:a6:27:a0:28
2023-01-06 14:45:41.233199,ae:9b:1e:97:b0:30,c6:ae:d7:df:73:3d
2023-01-06 14:45:41.236907,c6:ae:d7:df:73:3d,ae:9b:1e:97:b0:30
2023-01-06 14:45:47.377507,f6:01:99:41:c6:14,c2:a7:a6:27:a0:28
2023-01-06 14:45:47.379167,c2:a7:a6:27:a0:28,f6:01:99:41:c6:14
2023-01-06 14:45:51.473916,c2:a7:a6:27:a0:28,f6:01:99:41:c6:14
2023-01-06 14:45:51.476715,f6:01:99:41:c6:14,c2:a7:a6:27:a0:28
2023-01-06 14:45:53.521312,c6:ae:d7:df:73:3d,ae:9b:1e:97:b0:30
2023-01-06 14:45:53.525612,ae:9b:1e:97:b0:30,c6:ae:d7:df:73:3d
2023-01-06 14:46:01.778212,ae:9b:1e:97:b0:30,c6:ae:d7:df:73:3d
2023-01-06 14:46:01.780855,c6:ae:d7:df:73:3d,ae:9b:1e:97:b0:30
2023-01-06 14:46:01.783465,c2:a7:a6:27:a0:28,f6:01:99:41:c6:14
2023-01-06 14:46:02.781334,f6:01:99:41:c6:14,c2:a7:a6:27:a0:28
2023-01-06 14:46:16.050080,ae:9b:1e:97:b0:30,c6:ae:d7:df:73:3d
2023-01-06 14:46:16.052463,c6:ae:d7:df:73:3d,ae:9b:1e:97:b0:30
2023-01-06 14:46:28.337381,f6:01:99:41:c6:14,c2:a7:a6:27:a0:28
2023-01-06 14:46:28.341805,c2:a7:a6:27:a0:28,f6:01:99:41:c6:14
2023-01-06 14:46:32.402279,ae:9b:1e:97:b0:30,c6:ae:d7:df:73:3d
2023-01-06 14:46:32.405247,c6:ae:d7:df:73:3d,ae:9b:1e:97:b0:30
2023-01-06 14:46:32.407796,c2:a7:a6:27:a0:28,f6:01:99:41:c6:14
2023-01-06 14:46:33.403914,f6:01:99:41:c6:14,c2:a7:a6:27:a0:28
2023-01-06 14:46:36.530540,c2:a7:a6:27:a0:28,f6:01:99:41:c6:14
2023-01-06 14:46:36.534638,f6:01:99:41:c6:14,c2:a7:a6:27:a0:28
2023-01-06 14:46:42.674258,c6:ae:d7:df:73:3d,ae:9b:1e:97:b0:30
2023-01-06 14:46:42.676587,ae:9b:1e:97:b0:30,c6:ae:d7:df:73:3d
2023-01-06 14:46:48.721551,f6:01:99:41:c6:14,c2:a7:a6:27:a0:28
2023-01-06 14:46:48.722681,ae:9b:1e:97:b0:30,c6:ae:d7:df:73:3d
2023-01-06 14:46:48.723919,c6:ae:d7:df:73:3d,ae:9b:1e:97:b0:30
2023-01-06 14:46:48.725977,c6:ae:d7:df:73:3d,ae:9b:1e:97:b0:30
2023-01-06 14:46:48.728106,ae:9b:1e:97:b0:30,c6:ae:d7:df:73:3d
2023-01-06 14:46:48.729507,c2:a7:a6:27:a0:28,f6:01:99:41:c6:14
2023-01-06 14:46:48.735294,c2:a7:a6:27:a0:28,f6:01:99:41:c6:14
2023-01-06 14:46:48.736840,c2:a7:a6:27:a0:28,f6:01:99:41:c6:14
2023-01-06 14:46:48.738385,c2:a7:a6:27:a0:28,f6:01:99:41:c6:14
2023-01-06 14:46:49.721946,f6:01:99:41:c6:14,c2:a7:a6:27:a0:28
2023-01-06 14:46:50.866154,ae:9b:1e:97:b0:30,c6:ae:d7:df:73:3d
2023-01-06 14:46:50.869644,c6:ae:d7:df:73:3d,ae:9b:1e:97:b0:30
2023-01-06 14:47:09.041630,f6:01:99:41:c6:14,c2:a7:a6:27:a0:28
2023-01-06 14:47:09.045086,c2:a7:a6:27:a0:28,f6:01:99:41:c6:14
2023-01-06 15:04:09.926785,f6:01:99:41:c6:14,ff:ff:ff:ff:ff:ff
2023-01-06 15:04:09.929455,c2:a7:a6:27:a0:28,f6:01:99:41:c6:14
2023-01-06 15:04:09.931562,c2:a7:a6:27:a0:28,f6:01:99:41:c6:14
2023-01-06 15:04:09.934193,c2:a7:a6:27:a0:28,f6:01:99:41:c6:14
2023-01-06 15:04:09.936115,f6:01:99:41:c6:14,c2:a7:a6:27:a0:28
2023-01-06 15:04:09.978553,ae:9b:1e:97:b0:30,c6:ae:d7:df:73:3d
2023-01-06 15:04:09.982951,c6:ae:d7:df:73:3d,ae:9b:1e:97:b0:30
2023-01-06 15:04:09.985325,c6:ae:d7:df:73:3d,ae:9b:1e:97:b0:30
2023-01-06 15:04:10.028161,c2:a7:a6:27:a0:28,f6:01:99:41:c6:14
2023-01-06 15:04:10.030279,c2:a7:a6:27:a0:28,f6:01:99:41:c6:14
2023-01-06 15:04:10.032406,c2:a7:a6:27:a0:28,f6:01:99:41:c6:14
2023-01-06 15:04:10.926253,ae:9b:1e:97:b0:30,c6:ae:d7:df:73:3d
2023-01-06 15:04:15.090259,ae:9b:1e:97:b0:30,c6:ae:d7:df:73:3d
2023-01-06 15:04:15.091344,c6:ae:d7:df:73:3d,ae:9b:1e:97:b0:30
2023-01-06 15:04:15.092652,c2:a7:a6:27:a0:28,f6:01:99:41:c6:14
2023-01-06 15:04:15.138881,c6:ae:d7:df:73:3d,ae:9b:1e:97:b0:30
2023-01-06 15:04:15.141229,ae:9b:1e:97:b0:30,c6:ae:d7:df:73:3d
2023-01-06 15:04:15.143284,f6:01:99:41:c6:14,c2:a7:a6:27:a0:28
2023-01-06 15:04:45.201758,f6:01:99:41:c6:14,ff:ff:ff:ff:ff:ff
2023-01-06 15:04:45.206025,26:5b:dd:6c:a4:82,f6:01:99:41:c6:14
2023-01-06 15:04:45.207455,26:5b:dd:6c:a4:82,f6:01:99:41:c6:14
2023-01-06 15:04:45.326476,f6:01:99:41:c6:14,ff:ff:ff:ff:ff:ff
2023-01-06 15:04:45.328271,6e:28:10:0a:22:50,f6:01:99:41:c6:14
2023-01-06 15:04:45.330694,6e:28:10:0a:22:50,f6:01:99:41:c6:14
2023-01-06 15:04:45.471659,f6:01:99:41:c6:14,ff:ff:ff:ff:ff:ff
2023-01-06 15:04:45.519437,f6:01:99:41:c6:14,26:5b:dd:6c:a4:82
2023-01-06 15:06:00.339030,f6:01:99:41:c6:14,ff:ff:ff:ff:ff:ff
2023-01-06 15:06:00.342843,c2:a7:a6:27:a0:28,f6:01:99:41:c6:14
2023-01-06 15:06:00.344983,c2:a7:a6:27:a0:28,f6:01:99:41:c6:14
2023-01-06 15:06:00.347368,c2:a7:a6:27:a0:28,f6:01:99:41:c6:14
2023-01-06 15:06:00.351405,f6:01:99:41:c6:14,c2:a7:a6:27:a0:28
2023-01-06 15:06:00.386967,ae:9b:1e:97:b0:30,c6:ae:d7:df:73:3d
2023-01-06 15:06:00.390245,c6:ae:d7:df:73:3d,ae:9b:1e:97:b0:30
2023-01-06 15:06:00.392720,c6:ae:d7:df:73:3d,ae:9b:1e:97:b0:30
2023-01-06 15:06:00.437620,c2:a7:a6:27:a0:28,f6:01:99:41:c6:14
2023-01-06 15:06:00.439333,c2:a7:a6:27:a0:28,f6:01:99:41:c6:14
2023-01-06 15:06:00.441449,c2:a7:a6:27:a0:28,f6:01:99:41:c6:14
2023-01-06 15:06:01.340386,ae:9b:1e:97:b0:30,c6:ae:d7:df:73:3d
2023-01-06 15:06:05.429401,c6:ae:d7:df:73:3d,ae:9b:1e:97:b0:30
2023-01-06 15:06:05.434207,ae:9b:1e:97:b0:30,c6:ae:d7:df:73:3d
2023-01-06 15:06:05.436062,ae:9b:1e:97:b0:30,c6:ae:d7:df:73:3d
2023-01-06 15:06:05.441166,ae:9b:1e:97:b0:30,c6:ae:d7:df:73:3d
2023-01-06 15:06:05.483627,c6:ae:d7:df:73:3d,ae:9b:1e:97:b0:30
2023-01-06 15:06:05.682692,c2:a7:a6:27:a0:28,f6:01:99:41:c6:14
2023-01-06 15:06:05.685017,f6:01:99:41:c6:14,c2:a7:a6:27:a0:28
2023-01-06 15:06:25.222534,f6:01:99:41:c6:14,ff:ff:ff:ff:ff:ff
2023-01-06 15:06:25.227114,26:5b:dd:6c:a4:82,f6:01:99:41:c6:14
2023-01-06 15:06:25.229732,26:5b:dd:6c:a4:82,f6:01:99:41:c6:14
2023-01-06 15:06:25.263381,f6:01:99:41:c6:14,ff:ff:ff:ff:ff:ff
2023-01-06 15:06:25.269496,6e:28:10:0a:22:50,f6:01:99:41:c6:14
2023-01-06 15:06:25.271021,6e:28:10:0a:22:50,f6:01:99:41:c6:14
2023-01-06 15:06:25.319385,f6:01:99:41:c6:14,ff:ff:ff:ff:ff:ff
2023-01-06 15:06:25.339313,f6:01:99:41:c6:14,26:5b:dd:6c:a4:82
2023-01-06 15:06:25.383117,f6:01:99:41:c6:14,ff:ff:ff:ff:ff:ff
2023-01-06 15:06:39.474089,26:5b:dd:6c:a4:82,33:33:00:00:00:02
